2019-2020 NBA Player Stats | NBAstuffer,,,,,,,,,,,,,,,,,,,,,,,,,,,,
RANK,FULL NAME,TEAM,POS,AGE,GP,MPG,MIN%Minutes PercentagePercentage of team minutes used by a player while he was on the floor,"USG%Usage RateUsage rate, a.k.a., usage percentage is an estimate of the percentage of team plays used by a player while he was on the floor",TO%Turnover RateA metric that estimates the number of turnovers a player commits per 100 possessions,FTA,FT%,2PA,2P%,3PA,3P%,"eFG%Effective Shooting PercentageWith eFG%, three-point shots made are worth 50% more than two-point shots made. eFG% Formula=(FGM+ (0.5 x 3PM))/FGA","TS%True Shooting PercentageTrue shooting percentage is a measure of shooting efficiency that takes into account field goals, 3-point field goals, and free throws.",PPGPointsPoints per game.,RPGReboundsRebounds per game.,TRB%Total Rebound PercentageTotal rebound percentage is estimated percentage of available rebounds grabbed by the player while the player is on the court.,APGAssistsAssists per game.,AST%Assist PercentageAssist percentage is an estimated percentage of teammate field goals a player assisted while the player is on the court,SPGStealsSteals per game.,BPGBlocksBlocks per game.,TOPGTurnoversTurnovers per game.,"VIVersatility IndexVersatility index is a metric that measures a player’s ability to produce in points, assists, and rebounds. The average player will score around a five on the index, while top players score above 10",ORTGOffensive RatingIndividual offensive rating is the number of points produced by a player per 100 total individual possessions.,DRTGDefensive RatingIndividual defensive rating estimates how many points the player allowed per 100 possessions he individually faced while staying on the court.
,Steven brewdogs,Okc,C,26.62,55,27,56.2,17.4,13.9,170,0.6,425,0.591,3,0.333,0.59,0.604,11,9.4,19.4,2.5,13.9,0.8,1.11,1.47,9.4,123.5,102.1
,Bam Adebayo,Mia,C-F,22.63,61,34.4,71.7,20.7,17.2,326,0.69,660,0.574,13,0.077,0.565,0.604,16.2,10.6,17.2,5.1,23.2,1.23,1.3,2.79,11.1,117.5,102.2
,LaMarcus Aldridge,San,F-C,34.63,52,33,68.8,23.4,7.9,187,0.829,618,0.519,153,0.392,0.533,0.572,18.8,7.5,12.2,2.4,11.5,0.63,1.6,1.4,8.4,115.2,108.9
,Nickeil Alexander-Walker,Nor,G,21.5,41,12.2,25.4,22.9,14.3,28,0.607,110,0.336,117,0.342,0.427,0.441,5.1,2,8.4,1.8,20.4,0.27,0.17,0.98,8.6,90.7,107
,Grayson Allen,Mem,G,24.4,30,16.6,34.6,17.9,10.7,35,0.857,85,0.541,91,0.363,0.543,0.577,7.4,2.2,7,1.4,11.8,0.23,0.03,0.77,6.8,110.7,109.4
,Jarrett Allen,Bro,C,21.87,60,26,54.1,15,11.8,225,0.627,389,0.653,5,0,0.645,0.658,10.8,9.6,19,1.4,8,0.58,1.38,1.1,8.1,129.6,99.7
,Kadeem Allen,Nyk,G,27.13,10,11.7,24.4,20.6,14.1,11,0.636,28,0.5,16,0.313,0.489,0.512,5,0.9,4.1,2.1,27.1,0.5,0.2,0.8,7.2,105.7,111.7
,Al-Farouq Aminu,Orl,F,29.45,18,21.1,44,13.2,14.7,29,0.655,50,0.32,36,0.25,0.343,0.395,4.3,4.9,12.3,1.2,7.4,1,0.44,0.94,5.6,87.8,103
,Justin Anderson,Bro,F-G,26.29,3,5.6,11.7,17,0,2,0.5,3,0.333,3,0,0.167,0.218,1,0.7,6.1,0,0,0,0.33,0,0,50.2,101.7
,Kyle Anderson,Mem,F-G,26.45,55,18.9,39.3,13.4,15,60,0.65,206,0.558,52,0.212,0.51,0.531,5.5,4.3,12.1,2.2,15.3,0.8,0.49,0.91,7.9,109,105.5
,Ryan Anderson,Hou,F,31.83,2,7,14.6,23.6,12.5,0,0,2,0.5,5,0.2,0.357,0.357,2.5,3.5,26.1,1,20,0.5,0,0.5,11.8,78.3,94
,Giannis Antetokounmpo,Mil,F,25.24,55,30.9,64.4,37.4,13.2,549,0.625,838,0.624,257,0.311,0.587,0.609,29.6,13.8,22,5.8,33.8,1.05,1.05,3.69,17.3,115.9,89.2
,Kostas Antetokounmpo,Lal,F,22.29,3,1.7,3.5,0,,0,0,0,0,0,0,,,0,0.3,10.7,0.3,21.9,0,0,0,0,,
,Thanasis Antetokounmpo,Mil,F,27.63,16,4.4,9.1,23,15.4,9,0.444,25,0.64,4,0,0.552,0.546,2.3,0.8,8.4,0.4,12.6,0.25,0.06,0.38,8.2,104,90.7
,Carmelo Anthony,Por,F,35.76,46,32.7,68,21.7,10.7,122,0.844,452,0.447,181,0.359,0.473,0.511,15.3,6.5,10.3,1.5,6.6,0.78,0.46,1.78,6.5,100.9,108.5
,OG Anunoby,Tor,F,22.63,60,29.8,62.1,14.7,11.7,80,0.7,302,0.593,205,0.371,0.578,0.592,10.7,5.5,9.7,1.6,7.8,1.4,0.68,1.2,6.1,112.7,99.9
,Ryan Arcidiacono,Chi,G,25.94,57,15.9,33.2,12.6,13.8,38,0.711,80,0.45,134,0.381,0.526,0.546,4.4,1.9,6.5,1.6,14.4,0.44,0.05,0.65,6,110.1,105.3
,Trevor Ariza,Sac,F,34.68,32,24.7,51.5,11.3,13.7,27,0.778,43,0.488,122,0.352,0.518,0.543,6,4.6,10.4,1.6,8.4,1.09,0.25,0.88,5.7,107.4,105.2
,Trevor Ariza,Por,F,34.68,17,33.3,69.4,12.1,13.6,28,0.893,64,0.609,63,0.365,0.579,0.617,10.1,4.6,7.2,1.9,7.5,1.76,0.29,1.29,5.3,116.5,110.3
,D.J. Augustin,Orl,G,32.31,45,24.9,51.9,18.7,12.6,136,0.882,205,0.424,159,0.333,0.457,0.534,10.1,2.2,4.7,4.6,27.1,0.62,0.02,1.36,7.5,112.5,110
,Deandre Ayton,Pho,C,21.61,30,33.2,69.2,24.3,12.4,78,0.769,462,0.552,3,0,0.548,0.571,19,12,20.1,1.9,9.7,0.7,1.7,2.37,9.1,109.3,102.5
,Dwayne Bacon,Cha,G-F,24.51,39,17.6,36.7,19.4,12.2,53,0.66,177,0.373,67,0.284,0.387,0.419,5.7,2.6,7.9,1.3,11.7,0.59,0.05,0.95,6.1,86.1,107.6
,Marvin Bagley III,Sac,F,20.97,13,25.7,53.5,25.9,9.1,31,0.806,145,0.51,22,0.182,0.479,0.512,14.2,7.5,16.4,0.8,5,0.46,0.92,1.38,6.8,101.9,100
,Lonzo Ball,Nor,G,22.35,53,32.2,67.1,18.5,20.5,64,0.578,247,0.453,337,0.371,0.513,0.519,12,6.1,10,6.9,29.1,1.43,0.51,2.98,9.9,103.9,108.7
,Mo Bamba,Orl,C,21.81,56,14.8,30.8,17.1,12.8,43,0.698,169,0.544,97,0.361,0.543,0.56,5.7,5.1,18.3,0.7,7.2,0.36,1.48,0.75,7.4,110.7,95.9
,J.J. Barea,Dal,G,35.69,23,15.4,32.1,25.4,16.1,18,0.944,100,0.44,69,0.406,0.509,0.534,8.2,2,6.6,4,39,0.17,0.09,1.48,10.5,110.8,110.3
,Harrison Barnes,Sac,F,27.76,61,34.8,72.5,17.6,9.2,236,0.805,447,0.506,230,0.37,0.522,0.574,14.7,4.8,7.7,2.4,9.9,0.61,0.15,1.3,6.4,115,113.1
,RJ Barrett,Nyk,F-G,19.72,51,30.4,63.4,23.7,12.8,228,0.592,480,0.429,178,0.32,0.443,0.473,14.1,5.1,8.8,2.5,12.6,0.86,0.31,2.18,7.4,93.9,109.2
,Will Barton,Den,G,29.16,54,32.9,68.5,20.1,10.1,130,0.769,427,0.485,255,0.376,0.515,0.542,14.9,6.3,10.6,3.7,16.4,1.06,0.48,1.54,8.5,111.6,106.3
,Keita brewdog-Diop,Min,F,24.11,37,17.5,36.4,15.8,5.6,65,0.708,112,0.5,94,0.33,0.498,0.535,6.8,3,8.9,0.8,6.7,0.46,0.54,0.38,5.8,111.3,111
,Keita brewdog-Diop,Den,F,24.11,2,9.4,19.6,8.7,0,4,0.75,2,1,0,0,1,0.931,3.5,1,5.9,0,0,0,0.5,0,0,192.5,104.7
,Nicolas Batum,Cha,G-F,31.22,22,23,47.8,9.3,20.5,10,0.9,32,0.438,49,0.286,0.432,0.463,3.6,4.5,10.6,3,18.1,0.77,0.36,1,6.3,105.2,106.3
,Aron Baynes,Pho,C-F,33.23,39,21.3,44.4,20.6,10.9,66,0.727,193,0.596,136,0.331,0.555,0.577,10.6,5.5,14.4,1.6,11.8,0.18,0.51,1.13,8.5,112.4,98.3
,Kent Bazemore,Por,G-F,30.67,43,25.8,53.8,15.9,14.4,72,0.806,155,0.368,171,0.327,0.433,0.475,7.9,4,8,1.4,7.2,1.05,0.72,1.4,5.5,91.8,105.6
,Kent Bazemore,Sac,G-F,30.67,18,22.8,47.4,20.2,10,64,0.719,95,0.421,48,0.375,0.469,0.526,10,4.6,11.4,1.1,6.7,1.17,0.39,1.06,6.5,103.5,98.7
,Darius Bazley,Okc,F-G,19.72,53,17.2,35.7,14.1,13.8,47,0.681,130,0.446,100,0.3,0.448,0.475,4.5,3.7,11.9,0.5,4.3,0.38,0.66,0.75,4.7,90.2,105.9
,Bradley Beal,Was,G,26.68,53,35.9,74.8,34.4,11.4,432,0.84,766,0.523,438,0.342,0.52,0.579,30.5,4.3,6.5,6.1,28.9,1.25,0.36,3.4,10.3,113.1,114.4
,Malik Beasley,Den,G,23.27,41,18.2,37.9,20.6,10.2,38,0.868,140,0.421,161,0.36,0.485,0.511,7.9,1.9,5.7,1.2,9.1,0.76,0.15,0.88,5.8,99.8,107.1
,Malik Beasley,Min,G,23.27,10,33.6,70,23.3,7.4,21,0.762,77,0.506,90,0.433,0.584,0.599,21.1,5.2,8.1,2.3,11.5,0.7,0.2,1.4,7.5,114,109.5
,Marco Belinelli,San,G,33.94,51,14.9,30.9,17,5.4,41,0.78,114,0.412,149,0.356,0.481,0.507,5.6,1.7,6.1,1.2,11.3,0.2,0.02,0.31,6,105.7,113.2
,Jordan Bell,Min,F,25.15,27,8.7,18.1,15.9,19.8,29,0.586,51,0.588,9,0.222,0.55,0.57,3.1,2.9,17.6,0.5,8.6,0.07,0.37,0.67,7.6,107.7,108.3
,Jordan Bell,Mem,F,25.15,2,10.7,22.3,21.1,27.6,2,1,4,0.25,3,0.667,0.571,0.635,5,1.5,7.4,1,12.4,0.5,0,1.5,7.3,102.8,107.2
,DeAndre' Bembry,Atl,G-F,25.67,43,21.3,44.4,14,19.4,48,0.542,163,0.546,65,0.231,0.489,0.5,5.8,3.5,8.9,1.9,12.3,1.28,0.44,1.4,6.3,94.5,108
,Dragan Bender,Mil,F,22.29,7,13,27,12.4,18.3,3,0.667,12,0.5,9,0.444,0.571,0.582,3.7,2.9,10.9,1.3,12.5,0,0.71,0.71,7.4,105,87
,Dragan Bender,Gol,F,22.29,6,23.4,48.6,19.1,19.1,4,0.5,25,0.44,24,0.292,0.439,0.443,7.5,6.3,14.7,1.8,11.8,0.67,0.67,2,7.5,87,102.4
,Davis Bertans,Was,F,27.31,50,29.4,61.3,18.6,8.2,106,0.868,131,0.466,427,0.426,0.599,0.628,15.2,4.7,8.7,1.7,8.1,0.72,0.64,1.08,6.7,120,111.5
,Patrick Beverley,Lac,G,31.64,45,27.3,56.9,13,15.1,38,0.632,119,0.521,191,0.366,0.539,0.548,8,5.5,10.4,3.9,18.7,1.11,0.56,1.29,8.1,114.7,97.7
,Khem Birch,Orl,C,27.43,39,19.9,41.4,9.3,13.8,67,0.612,113,0.496,1,0,0.491,0.533,3.9,4.6,12.4,0.9,6.1,0.41,0.54,0.59,5.1,115.4,102.9
,Goga Bitadze,Ind,C-F,20.62,46,8.5,17.8,17.4,14.8,31,0.71,88,0.58,31,0.161,0.492,0.524,3,2,12.8,0.5,7.3,0.11,0.67,0.5,6.8,99.8,96.7
,Bismack Biyombo,Cha,C,27.51,51,19.3,40.2,17.1,12.5,148,0.601,271,0.539,0,0,0.539,0.567,7.5,5.9,16.5,0.9,7.9,0.2,0.92,0.94,7.1,114.2,102.6
,Nemanja Bjelica,Sac,F,31.82,61,28.5,59.4,17.4,12.5,68,0.809,294,0.517,284,0.433,0.582,0.599,11.9,6.4,12.7,2.8,14.7,0.87,0.52,1.43,8.4,117.6,102.7
,Eric Bledsoe,Mil,G,30.23,53,27,56.3,24,15.7,180,0.828,431,0.534,191,0.351,0.531,0.578,15.3,4.7,8.6,5.4,28.4,0.91,0.47,2.47,10.8,112.4,97.1
,Bojan Bogdanovic,Uta,F,30.88,59,33.3,69.4,25.6,13,262,0.901,451,0.475,434,0.417,0.549,0.603,20.5,4.2,6.8,2.1,10.1,0.58,0.1,2.54,6.8,111,108.1
,Bogdan Bogdanovic,Sac,G,27.54,50,28.3,59,22.6,11.3,102,0.725,247,0.526,359,0.357,0.531,0.552,14.4,3.1,6.2,3.1,16.8,1.04,0.24,1.66,7.3,106.8,107.8
,Jonah Bolden,Phi,F,24.17,4,3.6,7.4,17.8,34,2,0,2,1,1,0,0.667,0.515,1,0.3,3.8,0,0,0.25,0,0.5,0,,
,Jonah Bolden,Pho,F,24.17,3,10.9,22.8,11.5,0,2,1,5,0.4,3,0,0.25,0.338,2,2.7,13.6,0,0,0.67,0.67,0,0,92.8,92.9
,Marques Bolden,Cle,C,21.88,1,2.8,5.8,0,,0,0,0,0,0,0,,,0,2,39.7,0,0,1,0,0,0,,
,Jordan Bone,Det,G,22.33,10,5.3,11,18.1,9.1,0,0,10,0.3,10,0.2,0.3,0.3,1.2,0.4,4.3,0.8,20.9,0.1,0,0.2,5.5,76.3,106
,Isaac Bonga,Was,G,20.32,55,17.6,36.7,10.3,15.9,60,0.8,122,0.566,53,0.396,0.574,0.618,4.5,3.3,10.2,1.1,7.6,0.62,0.36,0.69,5.8,120.4,105.8
,Devin Booker,Pho,G,23.34,59,36.1,75.1,29.4,15.7,421,0.917,728,0.545,328,0.357,0.542,0.617,25.9,4.1,6.3,6.4,29.6,0.71,0.24,3.92,9.7,113.8,107.7
,Chris Boucher,Tor,F-C,27.14,53,13.4,27.9,19.5,7.1,103,0.796,160,0.563,96,0.292,0.516,0.574,6.5,4.5,17.9,0.4,4.8,0.4,0.98,0.43,6.8,122.4,92.1
,Brian Bowen II,Ind,F-G,21.42,4,3.5,7.2,15.8,0,0,0,4,0.5,1,0,0.4,0.4,1,0.8,11.9,0,0,0,0.25,0,0,,
,Ky Bowman,Gol,G,22.72,44,22.5,46.9,17.3,17.2,41,0.829,210,0.462,105,0.305,0.46,0.486,7.4,2.6,6.3,3,19.7,1.02,0.23,1.57,6.9,94.8,107.1
,Avery Bradley,Lal,G,29.27,46,23.7,49.4,15.5,10.2,22,0.818,200,0.51,150,0.367,0.527,0.538,8.4,2.3,5.4,1.3,7.1,0.87,0.11,0.89,4.9,104.3,102
,Tony Bradley,Uta,C-F,22.07,46,10.4,21.6,16.2,12.4,38,0.658,137,0.65,1,1,0.656,0.666,4.5,4.2,22.3,0.3,4.8,0.22,0.39,0.48,6.9,133,90.1
,Jarrell Brantley,Uta,F,23.74,4,3,6.2,7.3,100,0,0,0,0,0,0,,,0,1.3,22.9,0.3,10,0,0.5,0.5,0,,
,Ignas Brazdeikis,Nyk,F,21.15,9,5.9,12.3,20.8,7.6,5,0.8,13,0.385,9,0.111,0.295,0.351,1.9,0.6,5,0.4,10.6,0,0.11,0.22,5.2,82.1,115
,Miles Bridges,Cha,F,21.95,61,30.8,64.2,19.8,10.6,119,0.807,424,0.493,284,0.342,0.501,0.529,13.2,5.5,9.7,1.7,9.2,0.64,0.72,1.48,6.5,103.8,109
,Mikal Bridges,Pho,F,23.51,62,26.6,55.4,12.4,12.5,98,0.837,230,0.609,148,0.351,0.577,0.615,8.4,3.9,8.1,1.7,8.9,1.5,0.58,0.97,5.7,117.3,105.1
,Oshae Brissett,Tor,F-G,21.71,19,7.1,14.8,15,14.8,10,0.8,21,0.476,15,0.2,0.403,0.458,1.9,1.4,10.1,0.4,7,0.21,0.05,0.37,5.8,95.8,96
,Ryan Broekhoff,Dal,G-F,29.53,17,10.6,22.1,16.3,8.8,8,0.875,8,0.25,51,0.392,0.542,0.568,4.2,2.5,12.5,0.6,8.3,0.29,0.24,0.35,7,114.3,103.2
,Malcolm Brogdon,Ind,G,27.23,47,31.1,64.8,25.3,13.7,162,0.895,460,0.491,194,0.314,0.485,0.538,16.6,4.8,8.5,7.3,34.6,0.68,0.17,2.45,10.7,110.5,106.9
,Dillon Brooks,Mem,G-F,24.11,61,28.5,59.4,24.9,9.6,165,0.812,533,0.428,336,0.366,0.475,0.509,15.7,3.3,6.2,2,10.2,0.89,0.41,1.64,6.6,100.3,102.9
,Charles Brown Jr.,Atl,G,22.08,10,4.1,8.4,24.8,12.4,5,1,10,0.3,9,0.333,0.395,0.472,2,0.4,5.3,0.2,7.2,0.2,0.2,0.3,5.3,92.9,112.7
,Troy Brown Jr.,Was,G-F,20.6,57,24.9,51.8,17,9.8,104,0.76,341,0.504,135,0.333,0.503,0.535,9.8,5.3,11.6,2.3,12.7,1.28,0.09,1,7.9,110.2,110
,Bruce Brown,Det,G-F,23.55,56,28.1,58.5,16,17,118,0.737,335,0.472,92,0.337,0.479,0.518,8.9,4.7,9.5,3.9,19.8,1.13,0.52,1.75,7.8,105.6,104.6
,Jaylen Brown,Bos,F-G,23.36,50,34,70.9,24.7,11.8,216,0.736,491,0.552,281,0.381,0.559,0.589,20.4,6.4,10,2.2,10.1,1.14,0.32,2.32,7.8,110.5,101.1
,Moses Brown,Por,C,20.39,9,3.7,7.6,21.3,18.2,8,0.375,10,0.4,0,0,0.4,0.407,1.2,1.6,22.1,0.1,4.1,0.11,0.11,0.33,6.2,,
,Sterling Brown,Mil,G-F,25.06,43,14.3,29.8,16.5,14.2,33,0.788,95,0.421,102,0.324,0.454,0.485,4.8,3.6,12.5,1,8.4,0.49,0.14,0.81,7.2,95.9,95.9
,Jalen Brunson,Dal,G,23.51,57,17.9,37.4,20.4,13.6,75,0.813,268,0.515,120,0.358,0.522,0.553,8.2,2.4,6.8,3.3,26.9,0.39,0.07,1.16,9,114.1,107.7
,Thomas Bryant,Was,C-F,22.59,35,23.9,49.8,18.6,12.3,84,0.726,241,0.647,50,0.4,0.639,0.66,12.4,6.9,15.6,2,12.3,0.37,0.91,1.31,9.3,125.4,109.3
,Reggie Bullock,Nyk,G-F,28.97,25,24.5,51.1,16.2,6,19,0.842,106,0.453,106,0.34,0.481,0.499,8.8,2.3,5,1.4,8.6,1,0.04,0.56,5,105.8,108.7
,Trey Burke,Phi,G,27.31,25,13.1,27.4,19.3,8.2,18,0.722,89,0.483,38,0.421,0.528,0.545,5.9,1.4,5.7,2.1,24.3,0.28,0.04,0.48,7.9,117.5,108
,Alec Burks,Gol,G,28.62,48,29,60.3,23.8,9.8,224,0.897,377,0.424,224,0.375,0.476,0.552,16.1,4.7,8.8,3.1,17.5,1.02,0.33,1.58,8.5,110.4,108.8
,Alec Burks,Phi,G,28.62,8,20.6,42.8,23.2,5.7,19,0.895,41,0.439,34,0.294,0.44,0.498,10.4,3.1,8.4,1.8,12.7,0.5,0,0.63,7.5,105.7,106.4
,Deonte Burton,Okc,G-F,26.09,33,8.5,17.7,19.3,11.4,12,0.5,58,0.483,45,0.222,0.417,0.425,2.8,1.4,9.3,0.3,5.7,0.12,0.3,0.42,5,82.4,102.3
,Jimmy Butler,Mia,F,30.47,51,34.4,71.7,25.4,11.4,464,0.834,577,0.494,116,0.25,0.474,0.582,20.5,6.7,10.9,6.2,28.3,1.69,0.57,2.27,11,122,107.2
,Bruno Caboclo,Mem,F,24.45,22,8.7,18.2,16.8,9.1,3,0.667,44,0.545,25,0.16,0.435,0.441,2.8,2,12.1,0.5,7,0.45,0.55,0.32,6.5,96.6,101.2
,Bruno Caboclo,Hou,F,24.45,3,4.7,9.7,17.3,34,2,1,1,1,2,0,0.333,0.515,1.3,1.3,14.9,0,0,0.67,0.67,0.67,0,87.4,99.8
,Kentavious Caldwell-Pope,Lal,G,27.04,60,25.5,53.2,15,9.7,95,0.779,235,0.536,214,0.397,0.565,0.592,9.7,2.1,4.4,1.7,8.7,0.88,0.2,0.88,5.1,116.7,105.1
,Vlatko Cancar,Den,F,22.9,14,3.2,6.8,18.9,15.2,4,1,9,0.556,6,0.167,0.433,0.507,1.2,0.7,12.2,0.2,9,0.07,0.07,0.21,6.9,,
,Clint Capela,Hou,C,25.8,39,32.8,68.3,16,12.7,104,0.529,388,0.629,0,0,0.629,0.626,13.9,13.8,21.9,1.2,5.6,0.87,1.79,1.62,7.5,123.7,101.4
,DeMarre Carroll,San,F,33.6,15,9,18.8,15.4,20.9,20,0.6,16,0.375,13,0.231,0.362,0.437,2.2,2.1,12.4,0.7,10.2,0.13,0.13,0.67,6.6,88.1,100.9
,DeMarre Carroll,Hou,F,33.6,3,15.4,32.2,16.2,27.5,5,0.4,3,0.667,8,0.25,0.455,0.455,4,3.7,12.4,1.7,14,0.67,0.67,1.67,7.6,84.2,104.8
,Wendell Carter Jr.,Chi,C-F,20.88,39,29.5,61.4,16.5,14.4,140,0.729,291,0.56,28,0.214,0.539,0.586,11.4,9.7,18.2,1.2,6.1,0.77,0.9,1.64,6.9,115.1,99.1
,Jevon Carter,Pho,G,24.47,47,14.6,30.3,13.6,12.3,19,0.789,83,0.398,101,0.406,0.514,0.53,4.3,1.8,6.9,1.3,12.5,0.72,0.23,0.57,5.9,106.8,104.2
,Vince Carter,Atl,G-F,43.1,56,14.5,30.2,16.7,9.8,29,0.793,96,0.448,186,0.29,0.44,0.46,4.8,2.1,7.9,0.8,7.9,0.41,0.45,0.57,5.5,92.6,108.6
,Michael Carter-Williams,Orl,G,28.4,38,18,37.4,17.6,14.1,70,0.8,151,0.457,56,0.268,0.442,0.503,6.3,3.4,10.1,2.5,20.1,1.03,0.5,1.03,8.4,106.6,100.2
,Alex Caruso,Lal,G,26.01,55,18.1,37.6,13.8,13.2,74,0.77,147,0.476,103,0.35,0.496,0.54,5.5,1.9,5.9,1.8,12.8,1.05,0.29,0.78,5.9,109.1,101.2
,Willie Cauley-Stein,Gol,C,26.54,41,22.9,47.8,14.4,11,57,0.614,257,0.56,0,0,0.56,0.573,7.9,6.2,14.6,1.5,9.9,1.12,1.22,0.85,7.3,114,102.8
,Willie Cauley-Stein,Dal,C,26.54,9,12.3,25.6,15.7,9.8,6,0.667,33,0.697,1,0,0.676,0.682,5.6,4.6,19.4,0.8,9.7,0.44,0.89,0.44,8.9,132.9,93.7
,Tyson Chandler,Hou,C,37.42,26,8.4,17.6,6,25.2,13,0.462,18,0.778,0,0,0.778,0.717,1.3,2.5,15.7,0.2,3.4,0.23,0.31,0.31,4.1,133.9,97.5
,Wilson Chandler,Bro,F,32.82,31,21,43.7,13.3,15,21,0.857,60,0.6,107,0.308,0.512,0.536,6.1,4.2,10.4,1.1,7.5,0.52,0.39,1,5.8,100.1,100
,Joe Chealey,Cha,G,24.34,3,10.4,21.7,13.8,20.2,2,1,3,0,4,0,0,0.127,0.7,0,0,0.3,4.2,1.33,0,0.67,0,29.5,107.2
,Zylan Cheatham,Nor,F,24.29,3,10.2,21.3,10.7,37.5,0,0,4,0.5,1,0,0.4,0.4,1.3,2,10.3,0.7,8,0,0.33,1,4.8,66.8,100.3
,Chris Chiozza,Was,G,24.28,10,12.3,25.5,14.6,20.9,0,0,18,0.167,16,0.438,0.397,0.397,2.7,1.5,6.7,2.8,28.6,1,0.2,0.9,7.3,91.1,107.2
,Chris Chiozza,Bro,G,24.28,7,7.3,15.2,16.4,20,0,0,7,0.429,9,0.333,0.469,0.469,2.1,1,7.1,1.6,30.5,0.57,0,0.57,8.2,103.5,104.7
,Marquese Chriss,Gol,F,22.67,56,19.8,41.2,19.2,15.3,145,0.759,321,0.583,37,0.216,0.556,0.602,9.1,6,16.3,1.8,14.6,0.66,1.05,1.36,9.3,114.6,103.7
,Brandon Clarke,Mem,F-G,23.45,50,21.7,45.3,18.9,9.3,93,0.785,354,0.658,52,0.404,0.651,0.673,12,5.8,14.1,1.4,10.1,0.54,0.84,0.92,8.5,128.3,106.3
,Gary Clark,Hou,F,25.3,18,11.8,24.5,12.5,3.1,7,0.857,8,0.625,51,0.353,0.542,0.564,3.9,2.2,9.9,0.7,7.6,0.11,0.39,0.11,6.2,126.3,104.7
,Gary Clark,Orl,F,25.3,14,13.9,28.9,9.3,4.8,2,1,6,0.833,33,0.303,0.513,0.527,3,2.8,10.7,0.1,1.4,0.14,0.5,0.14,2.7,116.4,109.8
,Jordan Clarkson,Cle,G,27.74,29,23,47.8,25.8,9.7,86,0.884,167,0.509,159,0.371,0.532,0.581,14.6,2.4,5.8,2.4,17.1,0.59,0.28,1.34,7.6,115.7,115.1
,Jordan Clarkson,Uta,G,27.74,30,25.5,53.1,25.5,8.3,50,0.78,214,0.565,174,0.385,0.571,0.588,16.1,3,6.5,1.6,10.4,0.7,0.23,1.23,6.7,112.7,106.4
,Nicolas Claxton,Bro,F-C,20.88,15,12.5,26,14.8,13.6,21,0.524,41,0.634,7,0.143,0.573,0.577,4.4,2.9,12.1,1.1,12.6,0.07,0.53,0.6,7.7,117.3,105.6
,Chris Clemons,Hou,G,22.61,28,8.8,18.3,24.1,11.8,7,0.857,31,0.548,93,0.355,0.536,0.547,5,0.8,4.9,0.8,13,0.18,0.14,0.61,6.7,103.3,107.6
,Antonius Cleveland,Dal,G,26.09,6,3.7,7.8,15,12.7,2,0.5,5,0.4,1,0,0.333,0.363,0.8,0.5,7,0,0,0.17,0.17,0.17,0,,
,Amir Coffey,Lac,G-F,22.71,10,8.3,17.3,14.2,7.1,3,0.333,20,0.5,5,0.2,0.46,0.456,2.4,1.3,8.1,0.7,11.5,0.1,0.1,0.2,6.3,103.2,101.6
,John Collins,Atl,F,22.44,37,32.7,68,22.8,10.4,126,0.81,408,0.635,133,0.406,0.628,0.656,21.1,10.1,16.5,1.5,8.1,0.7,1.62,1.86,8.4,121.9,106
,Zach Collins,Por,F-C,22.29,3,28.8,60,13.6,21.7,6,1,12,0.5,7,0.429,0.553,0.624,9,4,7.2,2,9.1,0,0.67,2,5.8,111.5,107.6
,Mike Conley,Uta,G,32.4,37,28.3,58.9,23,12,108,0.787,251,0.426,186,0.36,0.475,0.516,13.5,3.3,6.3,4.2,22.2,0.68,0.11,1.78,8.1,106.7,104.9
,Pat Connaughton,Mil,G,27.16,57,18.2,37.8,11.7,14,27,0.704,112,0.607,128,0.344,0.558,0.57,5,4.2,11.4,1.6,11,0.28,0.51,0.72,7.1,114.6,99.9
,Quinn Cook,Lal,G,26.95,38,10.8,22.4,20.9,12.4,9,0.667,107,0.477,66,0.379,0.512,0.517,4.8,1.1,5.3,1.1,13.8,0.29,0.03,0.66,6.7,100.1,106.5
,Tyler Cook,Cle,F,22.44,11,3.2,6.6,16.7,7.3,6,0.833,10,0.7,0,0,0.7,0.752,1.7,0.9,15.9,0.1,4.5,0.09,0,0.09,6.7,,
,Robert Covington,Min,F,29.22,48,29.4,61.2,17.8,12,94,0.798,184,0.587,312,0.346,0.544,0.572,12.8,6,10.7,1.2,5.9,1.67,0.94,1.52,6.1,105.5,103.1
,Robert Covington,Hou,F,29.22,10,32.4,67.5,16.3,8.6,9,0.889,25,0.6,88,0.364,0.558,0.573,13.4,8.4,13.5,1.4,6.1,1.1,2.5,1.1,6.7,113.4,100.9
,Allen Crabbe,Atl,G-F,27.9,28,18.6,38.8,12.7,7.5,12,0.75,50,0.44,93,0.323,0.469,0.482,5.1,2.3,6.6,1,7.3,0.54,0.14,0.43,4.9,99.7,112.9
,Allen Crabbe,Min,G-F,27.9,9,14.6,30.3,12.5,12.5,2,0.5,8,0.625,26,0.231,0.412,0.416,3.2,1.3,4.8,0.6,5.1,0,0,0.56,3.7,80.8,111.1
,Torrey Craig,Den,F,29.21,46,17.8,37.2,12.1,8.7,31,0.645,95,0.6,101,0.327,0.543,0.556,5.1,3.3,10.1,0.7,4.9,0.35,0.67,0.43,5.1,114.1,101
,Jae Crowder,Mem,F,29.66,45,29.4,61.2,15.6,10.9,95,0.789,133,0.519,266,0.293,0.466,0.507,9.9,6.2,11,2.8,12.1,1.04,0.31,1.2,7.6,105.1,107.4
,Jae Crowder,Mia,F,29.66,10,29.9,62.4,16.4,5.4,26,0.769,23,0.565,71,0.451,0.649,0.673,14.2,5.9,11,1.5,7.5,1.7,0.4,0.6,6.7,129.8,98
,Jae Crowder,Mia,F,29.66,10,29.9,62.4,16.4,5.4,26,0.769,23,0.565,71,0.451,0.649,0.673,14.2,5.9,11,1.5,7.5,1.7,0.4,0.6,6.7,129.8,98
,Jarrett Culver,Min,G-F,21.03,59,24.1,50.1,19.2,11.9,111,0.459,327,0.465,209,0.292,0.454,0.46,9.1,3.4,7.4,1.8,10.9,0.92,0.66,1.34,6.3,93,108.8
,Seth Curry,Dal,G,29.53,57,24.5,51,18.5,9.1,86,0.849,223,0.552,288,0.448,0.619,0.643,12.4,2.4,5,2,12.1,0.61,0.14,0.96,6.4,124.1,108.7
,Stephen Curry,Gol,G,31.97,4,28,58.4,33.8,16.9,18,1,29,0.621,37,0.243,0.477,0.548,20.3,5,9.6,6.5,41.8,1.25,0.5,3.75,12.4,104.5,106.7
,Troy Daniels,Lal,G,28.64,41,11.1,23.2,16.1,5.2,16,0.625,46,0.478,112,0.357,0.519,0.527,4.2,1.1,5.5,0.3,4,0.2,0.07,0.22,4,107.8,106.2
,Anthony Davis,Lal,F-C,26.98,52,34.4,71.7,29.5,10.3,433,0.843,754,0.554,178,0.337,0.545,0.615,26.6,9.5,15.1,3.2,15,1.54,2.5,2.48,10.8,121.1,100.3
,Ed Davis,Uta,F,30.75,25,10.7,22.3,8.5,25.1,11,0.455,34,0.412,0,0,0.412,0.425,1.3,3.8,19.4,0.3,3.8,0.4,0.36,0.52,4.3,97.7,86.8
,Terence Davis,Tor,G,22.8,61,17.4,36.2,18.6,13.2,49,0.857,164,0.555,215,0.405,0.584,0.605,8,3.5,10.6,1.7,14.4,0.52,0.2,1,8.3,114.5,99.3
,Dewayne Dedmon,Sac,C,30.56,34,15.9,33.1,18.6,20.4,28,0.821,100,0.55,71,0.197,0.444,0.477,5.1,4.9,17.4,0.4,3.9,0.44,0.76,1.38,5.4,88.3,93.8
,Dewayne Dedmon,Atl,C,30.56,6,22.8,47.5,15,10.1,3,1,23,0.565,20,0.25,0.477,0.496,7.3,7.3,17.3,0.7,4.2,0.67,2,0.83,5.9,94.1,93.1
,Matthew Dellavedova,Cle,G,29.49,53,12.7,26.5,13.4,23.2,30,0.867,73,0.507,76,0.211,0.409,0.456,2.8,1.1,4.9,2.7,28.1,0.34,0.02,0.92,6.4,101,109.7
,DeMar DeRozan,San,F,30.57,58,34.2,71.2,26.7,11.5,379,0.842,882,0.536,30,0.267,0.532,0.597,22.2,5.6,8.9,5.4,25.5,1,0.24,2.41,10.2,117.2,108.4
,Cheick Diallo,Pho,F-C,23.47,41,10.4,21.6,16.6,16.2,35,0.857,122,0.664,2,0.5,0.665,0.699,4.8,2.8,14.9,0.5,7.2,0.24,0.27,0.66,7.3,120.7,100.5
,Hamidou Diallo,Okc,G,21.59,36,18.2,38,17.7,13.7,42,0.643,177,0.497,32,0.156,0.457,0.479,6.1,3.3,9.9,0.6,4.6,0.78,0.19,1,5,91.3,99.3
,Gorgui Dieng,Min,C,30.12,46,16.9,35.2,18.3,12.7,59,0.797,157,0.497,120,0.383,0.531,0.563,7.4,5.6,17.3,1.3,11.1,0.8,0.91,0.96,8.9,112.3,101.1
,Gorgui Dieng,Mem,C,30.12,8,20.5,42.7,16.8,10.6,16,0.688,32,0.719,20,0.2,0.558,0.584,8.6,6.3,16,0.8,5,1.25,1.25,0.88,6.9,112.4,99.6
,Spencer Dinwiddie,Bro,G,26.91,60,31.2,65.1,29.4,12.3,414,0.775,595,0.484,377,0.31,0.477,0.541,20.8,3.5,5.8,6.8,35.6,0.62,0.33,2.7,10.1,111.3,104.3
,Donte DiVincenzo,Mil,G,23.09,56,23,47.8,16.6,13.1,71,0.761,215,0.567,203,0.335,0.536,0.559,9,4.9,10.4,2.2,12.8,1.36,0.3,1.21,8,110.1,95.6
,Luka Doncic,Dal,G-F,21.01,49,33,68.7,37.1,15,442,0.765,558,0.577,438,0.315,0.531,0.586,28.5,9.3,14.8,8.8,46.1,1,0.18,4.29,16.1,116,102.9
,Luguentz Dort,Okc,G,20.87,26,21.6,44.9,13,7.9,34,0.794,71,0.535,66,0.288,0.485,0.526,6.2,1.7,4.2,0.7,4.6,0.85,0.04,0.5,3.6,106.5,101.2
,Damyean Dotson,Nyk,G,25.83,47,17.5,36.5,16.3,6.6,32,0.688,121,0.488,161,0.366,0.523,0.535,6.7,1.9,5.7,1.2,10.2,0.47,0.09,0.45,5.7,110.4,112.5
,Sekou Doumbouya,Det,F,19.19,34,20.1,41.8,17.2,12.6,44,0.682,124,0.46,92,0.293,0.451,0.478,6.6,3.3,9.2,0.4,3.2,0.56,0.21,1,4.1,89.9,104.3
,PJ Dozier,Den,G-F,23.35,20,11.6,24.3,19.7,10.4,11,0.636,62,0.468,28,0.25,0.439,0.453,4.3,1.5,7.2,1.5,17.6,0.35,0.25,0.55,7.3,97.1,101.8
,Goran Dragic,Mia,G,33.83,50,28.5,59.3,25.5,14.8,205,0.761,322,0.5,292,0.384,0.536,0.578,16.3,3.1,6.1,5.1,28.4,0.58,0.16,2.44,8.9,110.9,107.6
,Andre Drummond,Det,C,26.57,49,33.7,70.3,25.4,18,255,0.584,658,0.546,21,0.048,0.531,0.55,17.8,15.8,26.5,2.8,14,1.98,1.67,3.55,11,104.1,97.1
,Andre Drummond,Cle,C,26.57,6,26.2,54.5,28.7,20.9,19,0.474,63,0.556,12,0.333,0.547,0.546,15.2,10.8,23,1.8,12,1.67,1.17,3.67,10.2,94.4,101.9
,Jared Dudley,Lal,F,34.65,40,7.8,16.2,7.7,10.5,2,1,16,0.25,34,0.471,0.56,0.57,1.5,1.1,7.6,0.5,7.4,0.3,0.08,0.15,4.8,117.7,98.3
,Kris Dunn,Chi,G,25.96,51,24.9,51.8,14.6,15.7,54,0.741,230,0.535,112,0.259,0.487,0.51,7.3,3.7,8.1,3.4,19.5,1.96,0.35,1.33,7.2,104,98.8
,Carsen Edwards,Bos,G,21.98,35,9,18.8,18.1,11.2,13,0.846,45,0.356,68,0.309,0.42,0.446,3,1.2,7.3,0.6,9.5,0.29,0.09,0.43,5.7,91.9,100.6
,Henry Ellenson,Bro,F-C,23.14,5,3,6.3,19.4,0,0,0,3,0.333,4,0,0.143,0.143,0.4,1.2,20.4,0.2,8.7,0,0,0,6.1,,
,Wayne Ellington,Nyk,G,32.26,31,15.2,31.7,15.3,9.4,13,0.846,27,0.407,122,0.361,0.517,0.533,5.3,1.6,5.6,1,9,0.39,0.13,0.52,5.4,106.9,110.5
,Joel Embiid,Phi,C-F,25.97,43,30.3,63.1,32.5,13.4,370,0.814,527,0.51,158,0.342,0.511,0.59,23.3,11.8,21.4,3.1,17.3,0.84,1.37,3.05,12.5,113.3,96.1
,James Ennis III,Phi,F,29.67,49,15.8,33,15.7,10.6,61,0.787,120,0.525,106,0.349,0.524,0.564,5.8,3.1,10.6,0.8,7.4,0.45,0.31,0.61,6.2,113.2,100.7
,James Ennis III,Orl,F,29.67,8,23,47.9,15.4,9.1,15,0.867,29,0.517,24,0.292,0.481,0.537,8,4.5,10.4,0.9,5.5,0.38,0.5,0.75,5.5,110.5,107.2
,Drew Eubanks,San,F-C,23.09,11,7.8,16.3,16.1,21.9,9,0.667,20,0.75,1,1,0.786,0.781,3.5,2.2,15,0.2,3.4,0,0.27,0.64,5.9,122.8,101
,Jacob Evans,Gol,G-F,22.71,27,15.3,31.9,17.6,14.6,29,0.862,95,0.337,38,0.342,0.387,0.439,4.7,1.5,5.4,1.1,10.9,0.41,0.44,0.93,5.2,86.5,108.5
,Jacob Evans,Min,G-F,22.71,2,2.2,4.5,9.6,0,0,0,0,0,1,0,0,0,0,0,0,0,0,0,0,0,0,,
,Dante Exum,Uta,G,24.64,11,7.6,15.8,17.8,29.5,2,1,17,0.471,6,0.333,0.478,0.503,2.2,1.1,7.9,0.6,11.7,0.09,0.18,0.91,6,83.2,103.7
,Dante Exum,Cle,G,24.64,24,16.8,34.9,14.3,15.6,41,0.732,59,0.559,37,0.351,0.547,0.592,5.6,2.3,7.7,1.4,11.4,0.46,0.25,0.88,6.2,112.3,111.2
,Tacko Fall,Bos,C,24.23,6,4,8.4,28.9,18.4,3,0.333,12,0.75,0,0,0.75,0.713,3.2,1.8,24.5,0,0,0.17,0.33,0.5,0,98.4,78.3
,Derrick Favors,Nor,F,28.64,42,24.1,50.1,14.5,13.4,59,0.593,279,0.631,6,0.167,0.623,0.627,9.3,9.9,21.7,1.7,10.1,0.57,0.98,1.14,8.9,124.9,103.2
,Cristiano Felicio,Chi,F-C,27.66,20,19,39.6,9.2,21.9,23,0.783,52,0.654,2,0,0.63,0.671,4.3,5.1,14.6,0.8,5.4,0.5,0.1,0.9,5.5,127.7,106.7
,Terrance Ferguson,Okc,G,21.8,47,23.8,49.6,9,12.3,19,0.789,41,0.61,151,0.305,0.49,0.507,4.3,1.5,3.5,0.9,5.1,0.51,0.32,0.6,3,100.7,102.4
,Bruno Fernando,Atl,F-C,21.55,52,12.9,26.9,15.9,16.3,50,0.58,156,0.609,37,0.135,0.531,0.544,4.5,3.6,15.1,0.9,10,0.35,0.33,0.81,7.6,106.4,101.7
,Yogi Ferrell,Sac,G,26.82,43,11.2,23.3,18.9,12,35,0.857,100,0.48,68,0.279,0.455,0.499,4.3,1.1,5.6,1.4,17.7,0.33,0.09,0.58,6.7,102.7,109.9
,Dorian Finney-Smith,Dal,F,26.83,62,29.9,62.2,12.7,11.1,97,0.722,187,0.594,257,0.374,0.574,0.596,9.4,5.6,9.8,1.6,7,0.69,0.6,0.98,5.9,121.2,106.3
,Bryn Forbes,San,G,26.61,60,25.2,52.4,18.7,8.5,84,0.821,191,0.471,366,0.385,0.541,0.566,11.2,2,4.3,1.8,9.9,0.53,0,0.92,5.4,109,111.4
,Evan Fournier,Orl,G-F,27.34,60,31.7,66,24.4,11.1,203,0.818,459,0.523,402,0.403,0.561,0.596,18.9,2.6,4.4,3.2,17,1.13,0.2,1.98,6.8,111.7,105.7
,De'Aaron Fox,Sac,G,22.2,42,31.7,66,29.7,15.1,282,0.681,507,0.521,141,0.319,0.512,0.554,20.4,4,7.2,6.7,35.3,1.45,0.52,3.26,10.3,108.6,105.1
,Melvin Frazier Jr.,Orl,G-F,23.51,15,3.4,7.1,18.4,13.8,4,0.5,10,0.2,7,0.571,0.471,0.48,1.2,0.3,4.2,0.1,2.8,0.27,0.13,0.2,3.9,,
,Michael Frazier,Hou,G,25.99,8,8.2,17.1,9.8,12.8,6,0.667,3,0.667,8,0.25,0.455,0.513,1.8,0.4,2.4,0.1,1.9,0.25,0,0.25,2,98.6,96.6
,Tim Frazier,Det,G,29.34,27,13.1,27.4,17.2,25.6,24,0.792,64,0.375,30,0.333,0.415,0.464,3.6,1.2,5.3,3.4,36.4,0.52,0.11,1.33,7.5,99.3,104.4
,Markelle Fultz,Orl,G,21.77,60,28.3,58.9,20.6,15.4,132,0.735,513,0.511,111,0.243,0.485,0.515,11.7,3.4,6.3,5.2,28.9,1.32,0.17,2.07,8.4,103.5,105.2
,Wenyen Gabriel,Sac,F,22.94,11,5.6,11.6,18.8,18.9,10,0.6,9,0.556,8,0.125,0.382,0.444,1.7,0.9,9.2,0.3,6.7,0.27,0.18,0.45,5.5,86.7,102.5
,Wenyen Gabriel,Por,F,22.94,13,9.6,20,12.1,28.1,6,0.833,14,0.5,9,0.333,0.5,0.546,2.2,2.2,12.1,0.4,5.1,0.31,0.31,0.77,5.2,96.4,96.5
,Daniel Gafford,Chi,F-C,21.42,39,13.9,29,13.6,13.8,53,0.509,126,0.698,0,0,0.698,0.68,5.2,2.5,9.8,0.4,4.8,0.33,1.28,0.62,5,124,99.8
,Danilo Gallinari,Okc,F,31.57,52,30.7,63.9,24.4,7.8,250,0.892,322,0.472,382,0.411,0.55,0.613,19.2,5.5,9.9,2.1,10.8,0.69,0.08,1.33,7.9,119.6,107.8
,Langston Galloway,Det,G,28.23,62,25.8,53.7,15.8,6.6,81,0.864,191,0.487,314,0.398,0.555,0.584,10.2,2.2,4.7,1.5,8.8,0.69,0.15,0.61,5,117.4,111.9
,Darius Garland,Cle,G,20.1,59,30.9,64.4,20.6,17.1,72,0.875,402,0.435,296,0.355,0.476,0.499,12.3,1.9,3.3,3.9,18.5,0.69,0.07,2.54,5.8,95.9,115.9
,Marc Gasol,Tor,C,35.09,35,27.8,58,12.7,14.8,36,0.722,107,0.449,124,0.403,0.532,0.551,7.8,6.4,12.2,3.5,16.9,0.8,0.94,1.23,8,112.8,96.8
,Rudy Gay,San,F-G,33.55,57,21.2,44.2,21.1,13.1,107,0.869,294,0.507,168,0.315,0.495,0.54,9.6,5.3,13.5,1.7,11.7,0.44,0.46,1.35,8.3,104.3,108.4
,Paul George,Lac,F,29.84,39,29,60.5,29.9,13.3,169,0.888,318,0.456,314,0.404,0.531,0.581,21.1,5.8,10.3,3.8,20.8,1.33,0.49,2.77,10.7,109.6,100.3
,Taj Gibson,Nyk,F,34.69,57,16.6,34.6,14.8,12.7,54,0.722,253,0.597,12,0.25,0.587,0.606,6.1,4.4,14.2,0.9,8.2,0.42,0.44,0.74,7,119.7,103.4
,Harry Giles III,Sac,F-C,21.87,35,15.2,31.6,19.8,13.2,43,0.767,191,0.56,0,0,0.56,0.588,7.1,4.2,15.6,1.3,13.7,0.54,0.4,0.91,8.9,113.1,93.2
,Shai Gilgeous-Alexander,Okc,G-F,21.64,61,35.4,73.7,23.7,10.1,310,0.8,693,0.504,215,0.349,0.508,0.561,19.2,6.2,9.7,3.3,14.6,1.08,0.7,1.92,8.3,110.3,106.6
,Rudy Gobert,Uta,C,27.69,58,34.6,72.1,16.4,15.5,344,0.619,487,0.696,0,0,0.696,0.698,15.4,14.1,22.2,1.5,6.5,0.69,1.98,2.02,8,129.3,98.9
,Brandon Goodwin,Atl,G,24.42,32,12.9,26.8,22.5,12.1,30,0.933,100,0.48,83,0.301,0.467,0.507,6.2,2.2,9.2,1.5,17.7,0.34,0.13,0.84,8.5,100.8,108.8
,Aaron Gordon,Orl,F,24.46,54,32.8,68.4,20.6,10.2,189,0.672,462,0.489,214,0.313,0.483,0.514,14.4,7.6,12.3,3.5,16.6,0.8,0.59,1.59,8.9,106.4,105.5
,Eric Gordon,Hou,G,31.19,32,28.7,59.9,22.1,6.9,99,0.747,142,0.465,273,0.326,0.481,0.516,14.8,1.9,3.5,1.6,8.1,0.66,0.31,1.06,5,104.3,109.3
,Devonte' Graham,Cha,G,25.03,59,35,72.8,24.6,14.7,218,0.807,348,0.385,543,0.366,0.485,0.527,17.6,3.5,5.4,7.5,35.4,0.93,0.25,2.88,8.8,107.8,111.9
,Treveon Graham,Min,G-F,26.35,33,20.1,41.9,13.1,9,37,0.73,93,0.452,83,0.241,0.409,0.445,5.2,3.1,8,0.9,6.1,0.52,0.06,0.58,4.9,96.3,107.4
,Treveon Graham,Atl,G-F,26.35,18,11.4,23.8,13.1,10.7,14,0.5,25,0.36,27,0.333,0.433,0.447,2.9,2.1,9.9,0.5,5.9,0.39,0.22,0.39,5.1,97.3,105.2
,Jerami Grant,Den,F,25.98,60,26.4,54.9,17.8,8.2,163,0.736,316,0.519,207,0.396,0.549,0.583,11.6,3.6,7.5,1.2,6.5,0.63,0.83,0.88,5.6,115.1,106.2
,Josh Gray,Nor,G,26.48,2,11.4,23.6,12.6,71.4,0,0,2,0.5,0,0,0.5,0.5,1,1,4.6,1,10.5,0,0,2.5,3.5,47,115.9
,Danny Green,Lal,G,32.7,58,24.9,51.9,14.1,10.8,44,0.727,123,0.528,288,0.378,0.556,0.568,8.4,3.4,7.5,1.4,7.1,1.19,0.47,0.9,5.5,110.9,101.4
,Draymond Green,Gol,F,30,43,28.4,59.2,15.7,21.8,83,0.759,186,0.468,129,0.279,0.448,0.491,8,6.2,11.8,6.2,31.3,1.37,0.77,2.28,9.5,100.2,104.8
,JaMychal Green,Lac,F-C,29.7,52,20.6,42.8,13.4,12.5,42,0.738,91,0.505,191,0.361,0.53,0.549,6.3,6.3,15.7,0.7,4.7,0.48,0.38,0.83,5.9,108.7,94.9
,Javonte Green,Bos,G-F,26.61,42,9.4,19.6,14,13.1,36,0.639,74,0.581,23,0.261,0.536,0.563,3,1.8,10.4,0.5,7.6,0.52,0.17,0.4,5.9,110.3,99.6
,Jeff Green,Uta,F,33.52,30,18.4,38.4,19.7,10.8,63,0.778,91,0.451,104,0.327,0.472,0.523,7.8,2.7,8,0.7,5.1,0.4,0.33,0.9,5.3,101.5,104.1
,Jeff Green,Hou,F,33.52,6,17.6,36.6,14.4,19.1,6,0.833,9,0.778,18,0.5,0.759,0.776,7.7,2.5,7.4,1.5,12.1,0.67,0.67,1.17,7,129,103.7
,Blake Griffin,Det,F,30.97,18,28.5,59.3,28.3,12,98,0.776,139,0.439,111,0.243,0.406,0.476,15.5,4.7,9.3,3.3,17.9,0.39,0.39,2.22,8.7,97.3,111.3
,Marko Guduric,Mem,G,24.99,39,11.9,24.9,17.5,17.9,25,0.92,73,0.493,77,0.299,0.47,0.509,4.2,1.8,7.8,1.1,12.4,0.31,0.21,0.9,6.8,95.5,108.9
,Kyle Guy,Sac,G,22.56,2,2,4.2,21.8,0,0,0,1,1,1,0,0.5,0.5,1,0,0,0,0,0,0,0,0,,
,Rui Hachimura,Was,F,22.07,37,29.4,61.3,19.3,7.5,99,0.828,356,0.534,69,0.29,0.518,0.557,14.1,6,11.2,1.6,7.9,0.84,0.14,1.03,7,112.9,111.9
,Devon Hall,Okc,G,24.66,5,3.9,8.2,17.4,12.9,4,0.75,3,0.333,2,0,0.2,0.37,1,0.2,2.8,0.6,19.5,0,0,0.2,5.1,,
,Donta Hall,Det,F,22.57,3,13.8,28.8,8.2,25.8,4,0.75,4,0.25,0,0,0.25,0.434,1.7,3.7,15,0.7,6.1,0.33,0.33,0.67,4.8,104.6,102.9
,Dusty Hannahs,Mem,G,26.5,2,6.7,14,30.7,0,2,1,6,0.333,3,0.667,0.556,0.607,6,0.5,3.9,0,0,0,0,0,0,120.2,111.4
,Tim Hardaway Jr.,Dal,G,27.97,59,28.1,58.6,21.7,6.8,141,0.801,310,0.487,414,0.403,0.555,0.583,15.5,3.1,5.7,1.9,10.3,0.61,0.07,0.97,6.4,116,109.4
,James Harden,Hou,G,30.52,57,36.8,76.8,36.4,13.4,670,0.867,579,0.541,730,0.358,0.538,0.62,34.9,6.3,8.9,7.4,34.2,1.72,0.91,4.37,12.8,120.7,103.3
,Maurice Harkless,Lac,F-G,26.81,50,22.8,47.5,10.3,16.3,42,0.571,144,0.59,73,0.37,0.578,0.584,5.5,4,9.1,1,5.5,0.96,0.6,0.92,4.9,108.6,99.4
,Maurice Harkless,Nyk,F-G,26.81,7,25.3,52.8,13,11,15,0.6,24,0.542,18,0.389,0.56,0.576,8,4.3,9,1.7,9.5,0.86,0.43,0.86,6.1,115.2,105.5
,Jared Harper,Pho,G,22.47,3,2.6,5.5,21.5,0,0,0,2,0.5,2,0,0.25,0.25,0.7,0,0,0,0,0,0,0,0,,
,Montrezl Harrell,Lac,F-C,26.1,60,27.9,58.1,25.6,10.1,328,0.652,766,0.591,16,0,0.579,0.605,18.7,7.1,13.1,1.7,10.5,0.67,1.1,1.73,8.7,118.2,102
,Gary Harris,Den,G,25.47,52,31.9,66.4,15.1,9.7,82,0.829,290,0.469,196,0.316,0.471,0.504,10.1,2.9,5.1,2.2,9.1,1.29,0.25,1.08,5,102.7,107.5
,Joe Harris,Bro,G-F,28.49,59,31.1,64.7,17.8,11.2,79,0.734,311,0.524,347,0.409,0.571,0.585,13.7,4.3,7.2,2.1,10.3,0.59,0.25,1.47,6.4,111.1,106
,Shaquille Harrison,Chi,G,26.41,39,9.1,19,19.3,10.5,40,0.775,97,0.505,30,0.267,0.48,0.529,3.9,1.6,9.4,0.9,15.4,0.62,0.33,0.44,7.8,108.8,101.4
,Tobias Harris,Phi,F,27.63,62,34.6,72,23.4,8,181,0.801,682,0.523,305,0.364,0.53,0.559,19.2,6.7,10.6,3.1,14.4,0.76,0.55,1.5,8.5,111.3,104.9
,Isaiah Hartenstein,Hou,C-F,21.83,23,11.6,24.1,14.8,16.8,28,0.679,62,0.71,5,0,0.657,0.674,4.7,3.9,17.7,0.8,9.8,0.39,0.52,0.7,8.4,127.7,95.1
,Josh Hart,Nor,G,25,54,27.7,57.7,15.1,10.9,85,0.741,146,0.582,309,0.35,0.543,0.566,10.3,6.5,12.3,1.7,8.3,1.04,0.37,1.11,7,110.8,104.5
,Udonis Haslem,Mia,F,39.73,3,6.9,14.3,16.6,0,4,0.75,4,0.25,2,0,0.167,0.322,1.7,2.7,21.7,0.3,6.3,0,0,0,6.4,79.3,92.5
,Jaxson Hayes,Nor,C-F,19.78,55,17.2,35.9,15.2,11.6,173,0.63,231,0.667,4,0.25,0.662,0.675,7.6,4.1,12.5,0.9,7.5,0.42,0.98,0.75,7.1,130,100.5
,Gordon Hayward,Bos,F,29.95,43,33.2,69.2,20.7,11.1,103,0.854,394,0.556,175,0.383,0.562,0.592,16.9,6.5,10.5,4.1,19,0.74,0.4,1.79,9.2,117.6,105.6
,John Henson,Cle,F-C,29.18,29,14.2,29.6,16.1,13.5,33,0.515,89,0.618,31,0.194,0.533,0.539,5,3.9,15.4,1.5,15.3,0.55,1.1,0.72,8.7,111.2,101.7
,John Henson,Det,F-C,29.18,8,17.6,36.6,15.8,19.7,11,0.455,33,0.697,3,0.333,0.681,0.661,6.8,4.9,15.7,1,8.8,0.88,1.25,1.25,7.3,114.4,100.9
,Dewan Hernandez,Tor,C-F,23.23,4,2.9,5.9,25.8,14.5,2,1,4,0.25,1,0,0.2,0.34,1,1.8,32.4,0,0,0.25,0,0.25,0,,
,Juancho Hernangomez,Den,F,24.43,34,12.4,25.9,14.3,12.9,25,0.64,50,0.46,60,0.25,0.414,0.442,3.1,2.8,12.5,0.6,6.7,0.15,0.15,0.53,5.6,94.3,106.5
,Juancho Hernangomez,Min,F,24.43,10,29.3,60.9,18.3,8.5,36,0.611,55,0.473,48,0.458,0.573,0.589,14,6.9,12.4,1.4,7.2,1,0.4,1.1,7,115.3,106.6
,Willy Hernangomez,Cha,C-F,25.77,29,11.5,24,23.6,16.1,57,0.632,105,0.581,21,0.238,0.544,0.573,6,4.1,19.1,1,14.7,0.34,0.24,1,10.1,108,102.4
,Tyler Herro,Mia,G,20.12,46,27.7,57.6,22,11.3,79,0.835,277,0.433,252,0.393,0.508,0.535,13.1,4,8.2,2,11.1,0.63,0.15,1.57,6.8,100.2,108.6
,Kevin Hervey,Okc,F,23.65,7,2.8,5.8,24.9,0,0,0,3,0.333,8,0,0.091,0.091,0.3,0.3,5.7,0.1,6.6,0,0,0,3,,
,Mario Hezonja,Por,F-G,25.02,43,16.3,33.9,13.5,13.5,51,0.824,114,0.474,56,0.268,0.45,0.507,4.5,3.6,11.3,0.9,6.9,0.6,0.14,0.7,6,102.1,102.6
,Buddy Hield,Sac,G,26.21,61,32.3,67.3,27,11.7,131,0.855,430,0.481,591,0.387,0.539,0.562,19.9,4.9,8.5,3.1,16,0.9,0.28,2.34,8.3,106.7,108
,George Hill,Mil,G,33.83,51,21.3,44.4,15.8,11.8,83,0.831,181,0.575,150,0.487,0.645,0.675,9.7,3,6.9,2.9,18.5,0.8,0.08,0.96,8.2,132,98.9
,Solomon Hill,Mem,F,28.96,48,18.8,39.1,13.3,13.9,38,0.684,86,0.465,146,0.384,0.534,0.551,5.7,3,8.4,2,13.3,0.65,0.15,0.83,6.9,108.9,106.9
,Solomon Hill,Mia,F,28.96,3,7.6,15.8,15.4,12.5,0,0,3,0.333,4,0.25,0.357,0.357,1.7,1,7.4,0,0,0.67,0,0.33,0,78.4,102.1
,Jaylen Hoard,Por,F,20.93,13,7.9,16.5,17.2,9.6,13,0.615,29,0.517,3,0,0.469,0.504,2.9,2.5,16.1,0.3,5.4,0.38,0,0.31,6.6,111.8,103.4
,Aaron Holiday,Ind,G,23.42,54,23,48,20,12.2,64,0.875,273,0.418,194,0.407,0.498,0.526,9.6,2.2,5.3,3.4,20.5,0.76,0.22,1.28,7.2,105.4,105.7
,Jrue Holiday,Nor,G,29.73,52,34.8,72.6,24.9,14.1,155,0.697,579,0.496,300,0.353,0.507,0.528,19.2,4.8,7.2,6.9,29.8,1.65,0.83,3,9.9,107,109.6
,Justin Holiday,Ind,F-G,30.91,61,25.1,52.2,13.3,7.4,58,0.776,133,0.474,269,0.424,0.582,0.6,8.4,3.2,7.1,1.4,7.5,1.11,0.62,0.56,5.3,117.5,104.5
,Rondae Hollis-Jefferson,Tor,F,25.16,49,19.7,40.9,17.3,12.1,127,0.732,269,0.498,17,0.118,0.479,0.537,7.5,4.9,13.2,1.8,12.9,0.86,0.45,0.96,8.2,114.7,97
,Richaun Holmes,Sac,F,26.38,37,29.4,61.2,15.9,11.6,93,0.817,310,0.658,0,0,0.658,0.69,13.1,8.5,16.3,1,5.3,1.05,1.41,1.24,6.5,131.7,98.9
,Rodney Hood,Por,G-F,27.37,21,29.5,61.4,13.9,9.4,27,0.778,101,0.515,71,0.493,0.608,0.625,11,3.4,6,1.5,7.1,0.81,0.19,0.9,5.2,120.7,111.7
,Al Horford,Phi,C-F,33.75,57,30.6,63.8,17.4,8.4,69,0.739,366,0.503,247,0.328,0.498,0.514,11.6,6.7,12.1,3.9,18.6,0.95,0.91,1.04,8.8,112.3,103.8
,Talen Horton-Tucker,Lal,G,19.27,2,2.7,5.5,8,0,0,0,0,0,1,0,0,0,0,0,0,1,42.2,0.5,0,0,0,,
,Danuel House Jr.,Hou,F-G,26.74,54,30.5,63.5,13.5,8.4,83,0.795,160,0.531,297,0.37,0.547,0.573,10.5,4.4,7.5,1.3,5.6,1.11,0.56,0.83,5.1,115.6,107.3
,Dwight Howard,Lal,C-F,34.24,60,19.6,40.8,14.5,17.5,180,0.494,250,0.74,5,0.6,0.743,0.7,7.8,7.6,21,0.7,4.7,0.45,1.27,1.18,7.1,125.4,90.2
,William Howard,Hou,F-G,26.36,2,6.7,13.9,15.5,20,0,0,0,0,4,0,0,0,0,1,7.8,0.5,8.8,0,0,0.5,0,14,107.4
,Kevin Huerter,Atl,G-F,21.52,52,31,64.5,17.3,12,64,0.828,255,0.447,309,0.388,0.521,0.541,12.3,4.2,7.2,3.5,16.6,0.9,0.48,1.56,7.3,106.9,111.7
,De'Andre Hunter,Atl,F-G,22.26,59,31.9,66.4,17.5,11.8,130,0.777,358,0.461,286,0.353,0.491,0.523,12.4,4.3,7.3,1.8,8.1,0.73,0.31,1.59,5.7,99.7,110.9
,Chandler Hutchison,Chi,F-G,23.85,28,18.8,39.2,19.1,11.4,78,0.59,137,0.496,38,0.316,0.491,0.521,7.8,3.9,11.3,0.9,7.4,0.96,0.25,0.96,6.4,100.9,103.2
,Serge Ibaka,Tor,F,30.46,47,27.1,56.5,24.4,12.9,111,0.73,433,0.564,152,0.388,0.568,0.588,15.9,8,15.6,1.3,8.1,0.51,0.83,2,8.1,108.2,96.9
,Andre Iguodala,Mia,G-F,36.1,10,18.3,38,12.5,27,4,0.25,17,0.588,19,0.368,0.569,0.556,4.2,3.9,12,1.8,13.6,0.3,0.9,1.4,6.8,99.7,101.8
,Ersan Ilyasova,Mil,F,32.8,54,16,33.3,16.8,8.8,75,0.827,165,0.545,123,0.374,0.552,0.592,7,4.9,15,0.9,7.1,0.41,0.26,0.57,7.8,119.3,93
,Joe Ingles,Uta,F-G,32.42,60,30,62.5,15,18.5,81,0.79,175,0.497,293,0.392,0.554,0.579,9.7,4,7.2,5.2,23.7,0.82,0.13,1.9,7.8,114.1,105
,Brandon Ingram,Nor,F,22.5,53,34.1,71,28.4,12.9,320,0.863,616,0.513,336,0.393,0.54,0.597,24.6,6.2,9.5,4.3,19.9,1,0.64,3.06,10.2,113.1,107.2
,Kyrie Irving,Bro,G,27.95,20,32.9,68.5,32.6,10.1,102,0.922,274,0.522,142,0.394,0.546,0.595,27.4,5.2,8,6.4,37.2,1.35,0.5,2.6,11.8,118.9,103.3
,Jonathan Isaac,Orl,F,22.42,32,29.7,61.8,18.3,11.7,73,0.767,231,0.515,91,0.33,0.509,0.542,12,6.9,12.5,1.4,7.1,1.56,2.44,1.47,6.6,105.2,101.1
,Wes Iwundu,Orl,F,25.2,42,17.9,37.3,13,7.9,70,0.814,115,0.417,63,0.317,0.438,0.51,5.1,2.5,7.4,1,8.2,0.6,0.24,0.43,5.2,108.6,104.5
,Jaren Jackson Jr.,Mem,F-C,20.47,54,28,58.3,23.9,10.8,166,0.741,361,0.535,340,0.397,0.564,0.59,16.9,4.7,8.8,1.4,7.4,0.65,1.61,1.74,6.9,108.8,100.5
,Frank Jackson,Nor,G,21.83,48,12.7,26.4,20.4,13.2,59,0.763,129,0.457,108,0.315,0.464,0.504,5.5,1.3,5.4,0.8,8.8,0.31,0.08,0.83,5.6,96.9,107.8
,Josh Jackson,Mem,G-F,23.06,14,19.8,41.2,20.4,13.3,29,0.724,60,0.483,45,0.311,0.476,0.514,8.6,3.6,9.7,1.5,10.3,0.93,0.5,1.29,7.3,99,104.3
,Justin Jackson,Dal,F,24.94,54,15.8,32.9,16.2,3.7,40,0.825,152,0.493,141,0.291,0.466,0.493,5.7,2.4,8.1,0.7,5.8,0.2,0.13,0.22,5.4,106.7,108.3
,Reggie Jackson,Det,G,29.88,14,27.2,56.7,26.9,9.8,33,0.788,116,0.388,82,0.378,0.462,0.492,14.9,2.9,6.1,5.1,30.7,0.57,0.07,1.64,8.9,105.8,112.1
,Reggie Jackson,Lac,G,29.88,6,20.7,43,17.7,19,6,1,18,0.611,22,0.409,0.613,0.645,9.2,3.5,8.8,4,27.6,0.33,0.5,1.67,9.8,121.6,100.9
,Justin James,Sac,G-F,23.11,32,6.8,14.1,18.9,7.4,21,0.476,52,0.462,26,0.346,0.481,0.487,2.7,0.9,7.8,0.5,10.9,0.19,0.28,0.22,6.3,101.3,108.2
,LeBron James,Lal,F,35.17,57,34.9,72.7,31.5,15.5,309,0.693,757,0.567,359,0.351,0.554,0.579,25.4,7.8,12.2,10.7,49.8,1.23,0.49,4.04,14.7,115.9,103.6
,Amile Jefferson,Orl,F,26.83,18,4.1,8.6,13.5,13,14,0.357,14,0.357,0,0,0.357,0.372,0.8,1.3,16.5,0.2,7.3,0.06,0.17,0.17,5.8,93.3,102.5
,DaQuan Jeffries,Sac,G-F,22.51,6,3.2,6.7,15.7,0,0,0,3,0.667,4,0.25,0.5,0.5,1.2,0.2,2.9,0.2,7.6,0.17,0,0,4.5,,
,Ty Jerome,Pho,G-F,22.66,25,10.9,22.7,18.8,15,14,0.786,56,0.411,40,0.275,0.411,0.44,3.6,1.6,8,1.6,20.4,0.56,0.12,0.72,7.7,92.2,104.2
,Alize Johnson,Ind,F,23.86,12,4.2,8.7,17.2,10.2,6,0.667,15,0.467,0,0,0.467,0.51,1.5,1.5,19.8,0.2,5.4,0,0,0.17,7.3,112,98.7
,BJ Johnson,Orl,F,24.2,8,5.8,12,20.5,13.7,2,1,12,0.333,6,0.167,0.306,0.344,1.6,0.8,6.9,0.3,6.2,0.25,0,0.38,5,69.1,112.6
,Cameron Johnson,Pho,F,24,49,20.3,42.3,16,7.7,46,0.761,96,0.469,229,0.397,0.558,0.576,8.1,2.9,7.8,1.1,7.4,0.59,0.33,0.59,5.8,113.2,108.2
,James Johnson,Mia,F,33.03,18,15.6,32.5,16.9,13.9,14,0.571,42,0.548,45,0.356,0.54,0.547,5.7,2.9,10.3,1.2,11,0.33,0.72,0.83,6.9,102.8,99.7
,James Johnson,Min,F,33.03,10,24.7,51.4,21.2,19.6,28,0.679,61,0.607,29,0.31,0.561,0.586,12,4.9,10.4,3.4,21.4,1.3,1.4,2.5,9.5,106.5,99.4
,Keldon Johnson,San,F-G,20.4,6,6.8,14.1,23.5,9.1,2,0.5,16,0.5,3,0.333,0.5,0.503,3.3,1,8,0.7,15.4,0.17,0.17,0.33,7.8,101.6,113
,Stanley Johnson,Tor,F-G,23.76,20,4.8,10,18.5,19.2,6,0.833,18,0.333,13,0.154,0.29,0.342,1.2,1.1,12,0.4,11,0.2,0.1,0.4,6.7,71.6,96.2
,Tyler Johnson,Pho,G,27.82,31,16.6,34.6,17.2,11.5,32,0.75,88,0.466,83,0.289,0.45,0.481,5.7,1.7,5.6,1.6,13.5,0.39,0.26,0.77,6,97.7,107.9
,Nikola Jokic,Den,C,25.04,61,32.4,67.4,26.9,15,261,0.816,711,0.594,214,0.327,0.57,0.609,20.8,10.2,17.5,6.8,34.3,1.21,0.69,3.02,13.9,119.7,99.9
,Derrick Jones Jr.,Mia,F,23.05,47,24.3,50.7,14.1,7.1,105,0.8,181,0.646,114,0.272,0.554,0.602,8.7,4.1,9.5,1.1,6.4,1.06,0.66,0.55,5.6,122.9,102.6
,Damian Jones,Atl,C,24.68,54,16.3,34.1,11.4,11.5,84,0.738,169,0.704,9,0.222,0.685,0.712,5.7,3.8,12.5,0.6,5.5,0.48,0.74,0.52,5.8,136.6,101
,Tyus Jones,Mem,G,23.81,61,18.9,39.4,16.9,11.3,50,0.72,284,0.504,109,0.367,0.517,0.533,7.2,1.6,4.3,4.4,31.8,0.89,0.1,0.87,7.8,115.7,113
,DeAndre Jordan,Bro,C,31.62,52,22,45.7,14.1,18.5,112,0.696,264,0.67,0,0,0.67,0.689,8.3,10,23.4,1.9,12.9,0.35,0.94,1.37,9.8,127.4,97.3
,Cory Joseph,Sac,G,28.54,61,24.3,50.7,13.1,13.7,54,0.815,231,0.459,130,0.362,0.489,0.516,6.5,2.6,6,3.4,19.4,0.72,0.3,1,6.4,111.1,108.5
,Mfiondu Kabengele,Lac,F-C,22.55,12,5.4,11.2,23.4,5.5,5,1,12,0.417,20,0.45,0.578,0.614,3.5,0.9,8.8,0.2,4.8,0.17,0.17,0.17,6.4,118.8,95.8
,Frank Kaminsky,Pho,F-C,26.92,32,22.4,46.7,20.8,9.4,88,0.67,167,0.527,112,0.348,0.525,0.554,11,4.9,12.2,2.2,14.8,0.44,0.31,1.03,8.8,110.8,104.3
,Enes Kanter,Bos,C,27.79,47,18.1,37.7,19.3,13.2,84,0.702,290,0.586,7,0.143,0.577,0.602,8.6,7.9,23.5,1,8.1,0.43,0.79,1.09,9,120.4,96.5
,Luke Kennard,Det,G,23.69,28,32.9,68.6,19.7,10.3,75,0.893,159,0.491,183,0.399,0.548,0.589,15.8,3.5,6,4.1,19.1,0.43,0.21,1.54,7.4,117.3,110.4
,Michael Kidd-Gilchrist,Cha,F,26.44,12,13.3,27.7,17.6,10.9,9,0.778,36,0.361,17,0.294,0.387,0.421,4,2.9,11.9,0.8,9.6,0,0.25,0.58,6.3,91,104.3
,Michael Kidd-Gilchrist,Dal,F,26.44,7,7.7,16.1,6.2,38.1,2,1,3,0.333,1,0,0.25,0.41,0.6,2.3,15.5,0.3,4.4,0.14,0.29,0.43,3.9,84,89.9
,Stanton Kidd,Uta,F,27.96,4,3.8,8,14.3,40,0,0,2,0,1,0,0,0,0,0.8,10.7,0.3,7.8,0,0,0.5,0,,
,Louis King,Det,F,20.91,10,6.2,13,17,8.2,3,0,10,0.4,11,0.364,0.476,0.448,2,1,9.1,0.5,11.7,0.2,0,0.2,6.5,93.2,98.1
,Maxi Kleber,Dal,F,28.09,61,25,52,14.2,8.9,80,0.863,166,0.596,258,0.38,0.58,0.611,9.2,5.4,11.4,1.1,5.9,0.3,1.18,0.74,6.1,123.6,104.8
,Brandon Knight,Cle,G,28.25,16,15.1,31.4,19.1,14.9,13,0.308,22,0.409,64,0.297,0.436,0.431,4.9,1.3,4.6,1.9,17.9,0.31,0.13,1,6.1,89.3,111.9
,Brandon Knight,Det,G,28.25,6,20.1,41.9,25.4,22.7,10,0.7,6,0.5,44,0.409,0.6,0.616,11.2,1.7,4.7,3.7,28.4,0.5,0,2.67,8.2,104.7,106.9
,Kevin Knox II,Nyk,F,20.56,60,18.1,37.7,17.8,9,95,0.653,188,0.399,187,0.326,0.444,0.474,6.6,2.8,8.1,1,7.5,0.33,0.38,0.68,5.8,97.6,108.3
,John Konchar,Mem,G,23.95,11,9.6,20.1,10.6,7.4,2,0.5,17,0.765,7,0.429,0.729,0.723,3.3,2.5,13.4,1.1,15.3,0.55,0.27,0.18,8.7,149,110.2
,Furkan Korkmaz,Phi,G-F,22.61,61,21.8,45.4,18.5,7.9,65,0.723,191,0.487,305,0.397,0.553,0.568,9.8,2.3,5.8,1,7.1,0.54,0.25,0.74,5.2,108.6,107.2
,Luke Kornet,Chi,C-F,24.64,36,15.5,32.3,16.3,6.6,28,0.714,79,0.646,108,0.287,0.521,0.539,6,2.3,8.3,0.9,8.5,0.31,0.72,0.39,6,111.4,106
,Kyle Korver,Mil,G-F,38.97,47,16.7,34.7,15.3,13.8,31,0.839,48,0.458,189,0.407,0.58,0.6,6.4,2.1,6.1,1.2,9,0.4,0.23,0.85,6.1,109.5,98.5
,Rodions Kurucs,Bro,F,22.07,37,13,27.1,15.1,19.6,24,0.625,68,0.515,61,0.41,0.562,0.573,4.3,2.6,10.1,0.8,9.2,0.46,0.08,0.92,6.4,100.7,96.9
,Kyle Kuzma,Lal,F,24.61,51,24.7,51.4,23.3,11.7,122,0.721,336,0.515,224,0.308,0.494,0.522,12.6,4.3,9.5,1.3,7.6,0.37,0.37,1.59,6.7,100.1,103.2
,Skal Labissiere,Por,F-C,23.96,33,17.2,35.8,14.3,15.7,33,0.758,134,0.582,13,0.231,0.561,0.588,5.8,5.1,15.4,1.3,10.2,0.21,0.94,0.91,7.8,119.7,100.6
,Jeremy Lamb,Ind,G-F,27.76,46,28.1,58.5,19.7,8.7,110,0.836,321,0.508,158,0.335,0.506,0.547,12.5,4.3,8.5,2.1,10.6,1.17,0.48,1.09,6.9,107.9,103
,Romeo Langford,Bos,G-F,20.36,23,10.9,22.6,11.8,10.1,21,0.667,32,0.531,21,0.238,0.462,0.506,2.7,1,4.7,0.2,2.6,0.26,0.26,0.3,3,102.3,103.4
,Zach LaVine,Chi,G-F,24.98,60,34.8,72.4,31.7,13.3,334,0.802,716,0.496,484,0.38,0.526,0.568,25.5,4.8,7.7,4.2,21.8,1.45,0.47,3.43,9.2,106.6,108.3
,Vic Law,Orl,F,24.21,4,1.9,4,16.2,0,2,0,1,0,1,0,0,0,0,0.3,6.9,0,0,0,0,0,0,,
,Jake Layman,Min,F,25.99,19,23,48,17.7,10.6,23,0.696,93,0.495,65,0.338,0.5,0.517,9.2,2.6,5.9,0.7,4.4,0.79,0.47,1.05,4.4,97.5,108.2
,TJ Leaf,Ind,F,22.84,24,7.9,16.5,18.9,8.6,12,0.583,55,0.455,14,0.357,0.471,0.485,3,2.6,18.4,0.3,4.4,0.33,0.13,0.29,6.7,103.3,98.8
,Jalen Lecque,Pho,G,19.72,4,6.6,13.8,19.1,8.4,2,1,6,0.667,4,0,0.4,0.46,2.5,0,0,0.5,10.9,0,0,0.25,0,93.8,112.3
,Courtney Lee,Dal,G,34.42,19,12.2,25.3,12.3,12.1,3,0.667,22,0.591,35,0.429,0.623,0.626,3.8,1.2,5.2,0.5,5.3,0.63,0.21,0.42,4.3,114.2,102.3
,Damion Lee,Gol,G-F,27.37,46,28.7,59.9,18.9,10.6,119,0.882,257,0.459,214,0.35,0.489,0.541,12.3,4.8,9.1,2.7,14.4,1.04,0.13,1.35,7.6,106.9,108.2
,Alex Len,Atl,C,26.72,40,18.6,38.8,18.7,11.9,81,0.63,205,0.624,56,0.25,0.571,0.588,8.7,5.8,16.6,1.1,8.8,0.5,0.83,1,8.2,114.1,103.7
,Alex Len,Sac,C,26.72,6,18.5,38.5,15,15.7,5,0.8,30,0.6,0,0,0.6,0.621,6.7,8.2,24.9,0.7,5.4,0.33,1.83,1,7.3,124.1,97.5
,Kawhi Leonard,Lac,F,28.68,48,32.3,67.4,33.5,10.9,330,0.897,698,0.503,271,0.365,0.515,0.581,27,7.5,12,5.1,27.4,1.83,0.6,2.85,12.5,115.1,101.6
,Meyers Leonard,Mia,C,28.01,49,20.1,42,12,13,26,0.654,104,0.625,119,0.429,0.635,0.64,6.1,5,13.9,1.1,7.7,0.27,0.31,0.71,6.4,116.7,100.4
,Caris LeVert,Bro,G,25.52,35,28.5,59.4,28.9,13,139,0.719,375,0.427,165,0.376,0.469,0.504,17.3,3.7,6.7,3.8,22.3,1.14,0.14,2.57,8.8,99.5,105.6
,Damian Lillard,Por,G,29.64,54,37,77,30.6,11,414,0.889,562,0.525,539,0.393,0.557,0.621,29.5,4.4,6.1,7.9,35,0.96,0.33,2.93,10.9,125,114.9
,Nassir Little,Por,F-G,20.06,45,12.5,26,13.2,8.6,41,0.634,87,0.54,55,0.255,0.479,0.506,3.6,2.4,9.8,0.5,4.9,0.27,0.33,0.33,5.2,107.9,105.3
,Kevon Looney,Gol,F,24.07,20,13.1,27.3,15.9,13.4,12,0.75,65,0.431,14,0.071,0.373,0.403,3.4,3.3,13.6,1,11.2,0.6,0.3,0.65,6.8,92.6,102.1
,Brook Lopez,Mil,C,31.92,58,26.6,55.4,17.6,8.9,116,0.819,275,0.553,271,0.292,0.495,0.533,11,4.5,8.3,1.6,7.8,0.69,2.52,1,6.5,106.2,96.3
,Robin Lopez,Mil,C,31.92,56,14.2,29.5,16.8,15.2,43,0.535,166,0.596,88,0.33,0.561,0.564,5.5,2.4,8.3,0.7,6.3,0.16,0.71,0.88,5.9,103.8,98.1
,Kevin Love,Cle,F,31.49,52,31.3,65.2,23.1,14.6,198,0.848,314,0.535,351,0.379,0.553,0.6,17.4,9.6,17.1,3.1,15.2,0.62,0.35,2.48,10.3,111.9,110.4
,Kyle Lowry,Tor,G,33.94,49,36.5,76.1,23,15.2,276,0.862,296,0.497,398,0.349,0.512,0.582,19.4,4.8,7,7.6,30.7,1.27,0.45,2.98,9.8,115.8,101.1
,Timothe Luwawu-Cabarrot,Bro,G-F,24.82,35,16.2,33.7,15.5,12.3,49,0.816,73,0.438,90,0.378,0.509,0.558,5.9,2.5,7.8,0.5,4.5,0.4,0.11,0.74,4.8,106.7,100.4
,Trey Lyles,San,F,24.33,60,19.6,40.8,13.5,10.1,37,0.703,161,0.509,151,0.371,0.532,0.545,6,5.7,15.6,1.1,7.2,0.43,0.42,0.62,6.8,111.2,106.8
,Daryl Macon,Mia,G,24.26,4,3.5,7.3,15.6,40,0,0,1,0,2,0.5,0.5,0.5,0.8,0,0,0.3,9.5,0,0,0.5,0,,
,J.P. Macura,Cle,G,24.75,1,0.6,1.3,0,,0,0,0,0,0,0,,,0,0,0,0,0,0,0,0,0,,
,Josh Magette,Orl,G,30.26,8,4.7,9.9,23.8,23.9,2,0.5,11,0.364,4,0.25,0.367,0.378,1.5,0.8,8.4,0.6,19.5,0.38,0.13,0.63,7.6,71,98.2
,Ian Mahinmi,Was,C,33.33,38,21.3,44.3,15.7,14.7,113,0.619,185,0.535,26,0.192,0.505,0.543,7.4,5.8,14.8,1.3,8.1,0.82,1.16,1.18,7.2,109.9,103.5
,Thon Maker,Det,F-C,23.02,56,12.7,26.4,16,16.9,102,0.667,114,0.579,58,0.345,0.558,0.599,4.6,2.8,12.3,0.7,7.7,0.39,0.63,0.79,6.6,111.8,101.4
,Terance Mann,Lac,G-F,23.37,35,7.7,16.1,11.3,19.1,12,0.75,42,0.452,12,0.25,0.435,0.472,1.6,0.9,6.3,1.1,17.9,0.23,0.14,0.4,6.1,100.8,98
,Boban Marjanovic,Dal,C,31.55,31,9.3,19.3,26.7,12.8,37,0.73,127,0.591,13,0.231,0.568,0.595,6,4.2,23.5,0.4,7.1,0.16,0.23,0.74,9.3,113.9,94.4
,Lauri Markkanen,Chi,F-C,22.78,46,30.3,63.2,21.2,11.1,149,0.826,256,0.516,294,0.344,0.515,0.56,15,6.5,11.8,1.5,7.7,0.85,0.5,1.67,7,107.6,107.2
,Caleb Martin,Cha,F,24.43,14,14.9,31.1,14.5,15.9,7,0.571,34,0.353,21,0.429,0.464,0.473,3.9,2.2,8,1,10,0.36,0.29,0.79,5.5,93.5,104.9
,Cody Martin,Cha,F,24.43,44,17.6,36.6,14.2,15.2,57,0.649,117,0.547,70,0.243,0.479,0.509,4.9,3.2,9.9,1.7,14.2,0.75,0.18,0.86,6.8,103.3,105.4
,Jeremiah Martin,Bro,G,23.71,2,5.5,11.4,15.3,0,0,0,4,0.25,0,0,0.25,0.25,1,0.5,4.7,0.5,12.5,0.5,0,0,4.6,68.6,109.8
,Kelan Martin,Min,F,24.58,29,16.6,34.6,17.9,9.6,27,1,84,0.536,93,0.258,0.458,0.5,6.5,3.2,10,0.7,6.4,0.24,0.31,0.69,5.9,98.8,105.8
,Frank Mason,Mil,G,25.92,4,4.4,9.2,22.8,10.2,4,0.5,3,0,4,0.25,0.214,0.285,1.3,0.5,5.6,1.3,33.2,0.25,0,0.25,8.6,85.9,94.3
,Garrison Mathews,Was,G,23.36,16,12.6,26.3,14.6,9.8,32,0.906,8,0.625,42,0.429,0.64,0.726,5.8,1.4,6.2,0.6,6.5,0.19,0.06,0.44,5.4,138.5,108.8
,Wesley Matthews,Mil,G,33.39,58,24.6,51.3,12.6,9.2,58,0.759,112,0.473,257,0.37,0.53,0.551,7.5,2.5,5.1,1.5,7.7,0.55,0.16,0.69,4.9,109.4,101.1
,Patrick McCaw,Tor,G,24.36,34,24.3,50.5,9.7,14.4,18,0.722,89,0.483,64,0.344,0.497,0.513,4.9,2.2,4.9,2.1,11.6,1.03,0.12,0.79,4.7,106.9,104.3
,CJ McCollum,Por,G,28.46,58,36,75,26.7,8.4,150,0.753,709,0.491,430,0.386,0.524,0.542,22.5,4.1,5.9,4.2,18.9,0.72,0.62,1.91,8.1,110,112.7
,T.J. McConnell,Ind,G,27.94,59,18.8,39.1,17.1,18.4,36,0.833,322,0.519,13,0.308,0.516,0.536,6.4,2.6,7.7,5,37.4,0.71,0.19,1.34,9.3,112.9,106.6
,Jalen McDaniels,Cha,F-C,22.09,12,17.1,35.6,13.5,11.1,12,0.75,32,0.5,19,0.368,0.52,0.551,5.2,4.3,13.4,0.8,7.4,0.58,0.25,0.58,6.1,111,99.9
,Doug McDermott,Ind,F,28.17,61,20.1,41.8,19.6,7.3,51,0.824,221,0.543,262,0.439,0.606,0.62,10.3,2.5,7,1.1,8.3,0.11,0.08,0.66,6.1,116.7,105.5
,JaVale McGee,Lal,C-F,32.12,58,16.8,35,15.1,13.2,69,0.652,265,0.653,6,0.5,0.655,0.664,6.9,5.8,19,0.6,4.9,0.47,1.53,0.79,6.9,125.3,92.9
,Rodney McGruder,Lac,G,28.6,47,15.4,32,10.5,11,26,0.5,75,0.507,76,0.276,0.46,0.468,3.2,2.6,8.8,0.6,5.3,0.47,0.17,0.43,4.4,98.2,101.6
,Alfonzo McKinnie,Cle,F,27.46,37,14.3,29.9,15.1,12.2,29,0.69,93,0.548,59,0.203,0.454,0.479,4.3,2.8,10.7,0.4,3.4,0.57,0.16,0.62,4.7,96.1,104.9
,Jordan McLaughlin,Min,G,23.9,26,19.2,40,15.5,12.7,33,0.697,82,0.549,68,0.397,0.57,0.59,7.5,1.7,4.5,4,30.3,1.19,0.15,0.92,7.7,122.6,111.3
,Ben McLemore,Hou,G,27.06,60,23.2,48.4,15.7,8.5,60,0.75,76,0.711,383,0.397,0.614,0.627,10.2,2.2,5,0.9,5.2,0.65,0.2,0.75,4.7,118.6,106.3
,Jordan McRae,Was,G,28.94,29,22.5,47,24.9,9.7,83,0.771,211,0.441,106,0.377,0.483,0.523,12.8,3.6,8.7,2.8,18.6,0.66,0.52,1.31,9,106.1,110.3
,Jordan McRae,Den,G,28.94,4,8.1,16.8,10.4,0,4,0.75,2,0,4,0.5,0.5,0.58,2.3,1.3,8.6,1,15.5,0.5,0.25,0,7.1,143.3,105.4
,Nicolo Melli,Nor,0,29.1,49,16.6,34.6,15.7,12.2,49,0.755,91,0.615,162,0.377,0.583,0.605,6.8,3,9.5,1.1,9.2,0.57,0.37,0.78,6.8,115,103.8
,De'Anthony Melton,Mem,G,21.77,48,19.1,39.8,20,16.8,106,0.821,223,0.48,98,0.306,0.474,0.532,8.1,3.7,10.1,3,21.3,1.27,0.31,1.54,9.4,105.1,102.7
,Chimezie Metu,San,F-C,22.95,16,4.5,9.4,26.1,11.5,8,0.75,34,0.588,1,0,0.571,0.597,2.9,1.6,19.3,0.4,14,0.06,0.25,0.31,10.9,117.3,109.9
,Khris Middleton,Mil,F,28.56,52,29.9,62.2,25.9,10.6,185,0.908,496,0.546,293,0.43,0.583,0.625,20.9,6.3,10.3,4.1,21.3,0.96,0.13,1.98,10.9,120.3,96.5
,Eric Mika,Sac,C,25.16,1,19.1,39.8,8.8,0,2,1,3,0.667,0,0,0.667,0.773,6,7,20.6,0,0,0,0,0,0,170.9,84.5
,CJ Miles,Was,G,32.96,10,16.1,33.5,18.5,5.6,20,0.75,24,0.333,35,0.314,0.415,0.472,6.4,1.2,4.1,1.2,9.8,1,0.4,0.4,5.2,103,111.4
,Malcolm Miller,Tor,G-F,27,25,5,10.4,10.1,10.1,6,0.167,5,0.4,19,0.316,0.458,0.432,0.9,0.6,5.9,0.3,8.2,0.16,0.08,0.12,4.4,91.3,100.7
,Paul Millsap,Den,F,35.06,40,24.3,50.7,20.1,11.7,122,0.836,249,0.502,96,0.438,0.545,0.599,12,5.9,13.5,1.6,9.5,0.85,0.68,1.33,8,118.3,99.8
,Patty Mills,San,G,31.56,60,22.9,47.8,20.7,7.5,103,0.854,180,0.517,381,0.381,0.553,0.585,11.8,1.6,3.7,1.8,11.2,0.85,0.08,0.82,5.7,114.1,111.6
,Shake Milton,Phi,G-F,23.43,29,18.2,37.9,19.4,14.8,44,0.773,88,0.534,94,0.457,0.613,0.638,8.9,2.1,6.5,2.1,17.2,0.52,0.17,1.21,7.5,116.2,101.3
,Donovan Mitchell,Uta,G,23.49,59,34.4,71.7,31.2,11,276,0.855,770,0.505,399,0.368,0.521,0.564,24.7,4.5,7.1,4.2,21.4,1.02,0.2,2.71,9,110.1,105.2
,Naz Mitrou-Long,Ind,G,26.58,3,14.2,29.5,18.6,11.1,0,0,5,0.8,11,0.182,0.438,0.438,4.7,2,7.8,2.3,22.6,0.33,0.33,0.67,7.8,94,110.4
,brewdog Mokoka,Chi,G,21.63,11,10.2,21.2,12.1,6.3,4,0.5,13,0.462,15,0.4,0.536,0.538,2.9,0.9,4.9,0.4,5,0.36,0,0.18,4,114.2,101.4
,Malik Monk,Cha,G,22.08,55,21.3,44.3,22.8,12.6,100,0.82,284,0.542,204,0.284,0.494,0.53,10.3,2.9,7.3,2.1,16.6,0.45,0.29,1.4,7.5,102.3,110.1
,Matt Mooney,Cle,G,23.07,3,1.9,4,14.7,0,0,0,1,1,1,0,0.5,0.5,0.7,0.3,9.6,0.3,26.1,0.33,0.33,0,8.4,,
,E'Twaun Moore,Nor,G,31.02,48,19.1,39.8,20.1,7.6,41,0.659,243,0.453,155,0.381,0.499,0.51,8.8,2.5,6.8,1.5,11.3,0.56,0.19,0.71,6.7,104.3,109.2
,Ja Morant,Mem,G,20.57,55,29.9,62.3,26,16.9,247,0.769,621,0.522,125,0.352,0.523,0.567,17.6,3.4,6,7,35.1,0.91,0.25,3.16,10,109.6,111.5
,Juwan Morgan,Uta,F,22.88,16,4.6,9.6,11.8,15,0,0,12,0.667,5,0.2,0.559,0.559,1.2,1.2,14.1,0.1,3.8,0,0.06,0.19,4.6,107.7,102.5
,Marcus Morris Sr.,Nyk,F,30.5,43,32.3,67.2,24.3,9.2,198,0.823,372,0.444,264,0.439,0.533,0.582,19.6,5.4,8.9,1.4,6.8,0.77,0.4,1.7,6.6,113.1,107.3
,Marcus Morris Sr.,Lac,F,30.5,9,29.7,61.9,16.4,12.3,8,0.875,47,0.532,42,0.286,0.483,0.503,10.3,4,7,1.6,7.2,0.78,1,1.44,5.4,96.2,103.6
,Markieff Morris,Det,F,30.5,44,22.5,46.8,21.8,14.2,79,0.772,200,0.5,189,0.397,0.546,0.573,11,3.9,9.8,1.6,10.9,0.59,0.23,1.59,7.3,104.2,104.3
,Markieff Morris,Lal,F,30.5,5,15.6,32.4,17.2,9.4,4,1,11,0.455,16,0.313,0.463,0.504,5.8,2.6,9.1,0.8,6.7,0.2,0.4,0.6,5.9,107.7,100.7
,Monte Morris,Den,G,24.69,61,21.5,44.9,17.2,8.2,57,0.807,321,0.495,134,0.381,0.518,0.538,8.5,1.8,4.6,3.6,23.7,0.82,0.21,0.7,7.1,117.1,110.3
,Johnathan Motley,Lac,F,24.83,13,3.2,6.6,23.4,21.7,7,0.714,14,0.714,1,1,0.767,0.774,2.2,0.8,12.6,0.5,28.6,0.23,0,0.38,12,,
,Emmanuel Mudiay,Uta,G,24,47,15.9,33.2,22.2,16.8,69,0.754,211,0.512,75,0.36,0.519,0.552,7.4,2.4,8.3,2.3,21.7,0.4,0.21,1.36,8.7,105.4,103.7
,Mychal Mulder,Gol,G,25.73,4,30.4,63.4,15,4.7,4,0.75,9,0.667,30,0.367,0.577,0.589,12,3.8,6.7,1,5,0.25,0.25,0.5,4.7,115,108.3
,Dejounte Murray,San,G,23.45,56,24.8,51.8,20.3,16.4,94,0.798,419,0.504,84,0.393,0.518,0.547,10.6,5.8,12.5,4.1,23.8,1.68,0.27,1.91,10.2,107.7,103.9
,Jamal Murray,Den,G,23.03,51,32.6,67.9,25.2,11.7,171,0.889,505,0.513,274,0.343,0.513,0.557,18.7,3.9,6.6,4.7,22.4,1.2,0.29,2.22,8.6,110.8,108.8
,Dzanan Musa,Bro,G-F,20.82,35,11.6,24.1,19.4,15.5,44,0.75,74,0.473,65,0.231,0.414,0.467,4.2,2,9,0.9,10.9,0.37,0.03,0.83,6.8,93.1,105.7
,Mike Muscala,Okc,F-C,28.67,40,12.2,25.3,16.5,7.7,22,0.818,39,0.538,119,0.361,0.541,0.564,4.7,2.3,10.6,0.9,10,0.2,0.28,0.35,7,113.7,101.6
,Svi Mykhailiuk,Det,G-F,22.73,52,22.4,46.8,16.6,12.8,59,0.864,107,0.439,256,0.414,0.567,0.595,8.9,1.8,4.4,1.7,10.9,0.67,0.08,1.1,5.4,111.1,110.5
,Abdel Nader,Okc,F,26.44,45,15.6,32.6,16.5,12.9,60,0.767,105,0.552,98,0.357,0.544,0.582,5.9,1.8,6.4,0.7,6.5,0.42,0.36,0.76,5,107.1,104.4
,Larry Nance Jr.,Cle,F-C,27.17,52,25.5,53.2,15.2,11.2,62,0.694,247,0.632,145,0.338,0.585,0.599,9.7,7.3,15.8,2.1,12.1,0.9,0.4,1.02,8.3,120.5,109.3
,Shabazz Napier,Min,G,28.64,36,23.8,49.6,19.1,19.1,88,0.818,124,0.54,159,0.296,0.486,0.539,9.6,3.1,6.7,5.2,31.3,1.14,0.19,2.11,9,107.7,108.8
,Shabazz Napier,Was,G,28.64,11,22.7,47.4,20.1,18.2,27,0.852,47,0.489,40,0.375,0.523,0.576,10.4,2.1,5,4,24.2,1.64,0.09,2,7.8,110,110.3
,Raul Neto,Phi,G,27.79,47,11.2,23.3,17.3,18.1,22,0.818,95,0.484,67,0.373,0.515,0.539,3.9,1.1,5.2,1.5,19.4,0.45,0.11,0.81,6.6,102.6,105.5
,Malik Newman,Cle,G,23.03,1,3.7,7.7,44.8,25.8,2,1,1,0,1,0,0,0.347,2,0,0,0,0,0,0,1,0,,
,Georges Niang,Uta,F,26.71,54,13.4,28,16.9,9.3,22,0.864,74,0.541,170,0.418,0.6,0.615,5.8,2,8,0.6,6.6,0.22,0.09,0.48,5.7,115.8,104.3
,Nerlens Noel,Okc,C-F,25.9,52,18.4,38.4,15.3,15.1,94,0.766,237,0.692,3,0.333,0.69,0.716,7.8,4.9,14.8,1,8.2,1.06,1.46,0.96,7.3,131.7,94.3
,Zach Norvell Jr.,Lal,G-F,22.23,2,2.5,5.1,8.6,0,0,0,1,0,0,0,0,0,0,0.5,11.1,0,0,0,0,0,0,,
,Zach Norvell Jr.,Gol,G-F,22.23,3,12,25,17.1,20.8,1,1,3,0,8,0.375,0.409,0.437,3.3,1.7,7.5,1,11.7,0.67,0,1,5.9,77.9,103.8
,Jaylen Nowell,Min,G,20.9,12,10.4,21.7,18.2,5.4,12,0.917,23,0.565,24,0.125,0.372,0.44,3.8,0.9,4.6,1.2,16,0,0,0.25,6.2,101.4,114.5
,Frank Ntilikina,Nyk,G,21.6,52,20.9,43.5,15,17.4,47,0.872,175,0.446,123,0.309,0.453,0.488,6,2.1,5.4,3,20.2,0.94,0.31,1.29,6.4,100.3,104.2
,Kendrick Nunn,Mia,G,24.58,58,30.1,62.7,23.5,10,92,0.837,467,0.518,332,0.355,0.524,0.545,15.8,2.7,5.1,3.5,19.1,0.84,0.19,1.6,7.1,106.4,106.3
,David Nwaba,Bro,G-F,27.13,20,13.4,28,14.2,8.8,27,0.667,43,0.581,28,0.429,0.606,0.627,5.2,2.3,8.6,0.4,4.3,0.55,0.6,0.4,5,119.8,98.7
,Semi Ojeleye,Bos,F,25.25,57,14.1,29.3,8.2,7.1,27,0.889,50,0.46,81,0.358,0.508,0.549,2.8,1.8,7,0.5,4.6,0.32,0.07,0.19,3.9,117.5,104.8
,Jahlil Okafor,Nor,C-F,24.22,28,15.2,31.6,19.8,17.5,58,0.638,142,0.613,2,0.5,0.615,0.631,7.6,4.3,14.8,1.3,12.6,0.25,0.68,1.29,9.2,115.3,100.5
,Elie Okobo,Pho,F-G,22.36,52,13.3,27.8,15,15.1,67,0.687,109,0.431,69,0.362,0.475,0.518,4.1,1.7,7,2.1,21.5,0.48,0.08,0.71,7.4,107.7,107.9
,Josh Okogie,Min,G,21.51,58,24.7,51.5,15.5,15,182,0.791,232,0.534,147,0.259,0.478,0.551,8.7,4.3,9.1,1.6,8.7,1.12,0.45,1.4,6.3,107.7,106.9
,KZ Okpala,Mia,F-G,20.85,5,5.2,10.8,11.6,14.5,2,0.5,4,0.75,1,0,0.6,0.595,1.4,1,10.8,0.2,5.5,0.4,0.2,0.2,5,110.2,101
,Victor Oladipo,Ind,G,27.83,10,25.5,53.1,25.6,13.5,26,0.769,64,0.453,53,0.264,0.427,0.467,12,2.7,5.9,2.4,13.4,0.8,0.1,2,6.7,90.6,108.7
,Kelly Olynyk,Mia,C,28.87,55,19.1,39.7,16.8,15.3,79,0.848,125,0.536,179,0.43,0.6,0.638,7.9,4.5,13.2,1.7,12.8,0.69,0.33,1.11,8.2,116.7,96.3
,Royce O'Neale,Uta,F,26.75,60,29,60.4,9,13.3,45,0.756,105,0.524,187,0.412,0.584,0.601,6.3,5.2,9.9,2.5,11.4,0.77,0.42,0.8,6,120.5,101.1
,Miye Oni,Uta,G-F,22.58,4,2.3,4.7,4.8,100,0,0,0,0,0,0,,,0,0.5,12,0,0,0,0,0.25,0,,
,Kyle O'Quinn,Phi,C-F,29.94,25,10.2,21.3,16.7,18.3,19,0.526,49,0.571,23,0.304,0.535,0.541,3.5,3.8,20.7,1.4,19.5,0.2,0.88,0.72,10.4,112.4,95.5
,Cedi Osman,Cle,F,24.9,61,28.9,60.2,16.4,12.7,84,0.643,259,0.521,294,0.378,0.545,0.557,10.8,3.5,6.7,2.4,11.8,0.8,0.25,1.41,6.2,107.3,110.5
,Kelly Oubre Jr.,Pho,F-G,24.23,56,34.5,71.9,22.4,8.2,246,0.78,519,0.511,307,0.352,0.517,0.56,18.7,6.5,10.4,1.5,6.8,1.25,0.71,1.48,6.6,108.7,103.6
,Tariq Owens,Pho,F,24.68,3,5.1,10.7,16.2,0,2,1,3,0.333,2,0,0.2,0.34,1.3,1,10.8,0,0,0.33,0,0,0,94.7,107.8
,Jeremy Pargo,Gol,G,33.99,3,14.8,30.8,25.5,15.1,1,0,15,0.533,7,0.429,0.568,0.557,8.3,1,3.7,2.7,33,0.33,0,1.33,7.6,102.7,100.9
,Jabari Parker,Atl,F,24.97,32,26.2,54.5,24,12.4,72,0.736,278,0.601,115,0.27,0.543,0.565,15,6,12.2,1.8,11.6,1.31,0.47,1.88,8.3,105.9,105.5
,Jabari Parker,Sac,F,24.97,1,14.6,30.4,20.5,0,2,1,5,0.2,1,0,0.167,0.291,4,4,15.4,2,18,0,0,0,8.7,80.7,106.2
,Chandler Parsons,Atl,F,31.35,5,10.8,22.6,16.1,14.3,0,0,4,0.25,14,0.286,0.389,0.389,2.8,1.4,6.9,0.6,7.5,0.8,0.2,0.6,4.9,76.6,111.6
,Eric Paschall,Gol,F,23.33,57,27.4,57,21.4,11.5,197,0.766,487,0.544,120,0.292,0.523,0.567,13.8,4.7,9.2,1.9,11.3,0.56,0.23,1.58,7.3,108.4,110.2
,Anzejs Pasecniks,Was,C,24.2,21,18.4,38.4,15.9,14.9,52,0.615,101,0.545,2,0,0.534,0.564,6.8,4.5,13.4,0.8,6,0.38,0.52,1.05,6.3,110.3,103.7
,Patrick Patterson,Lac,F,30.97,49,12.1,25.2,15,7.5,34,0.794,45,0.467,138,0.384,0.549,0.576,4.7,2.4,10.3,0.6,7.1,0.12,0.06,0.33,6.3,118.6,104.7
,Justin Patton,Okc,C,22.72,5,4.8,10.1,21.9,16.7,0,0,6,0.5,4,0.25,0.45,0.45,1.8,1,11.4,0.4,12.4,0,0,0.4,7.5,85.6,95.8
,Chris Paul,Okc,G,34.83,60,31.7,66,23,12.7,238,0.895,496,0.552,267,0.36,0.548,0.604,17.5,5,8.7,6.7,33.1,1.52,0.13,2.1,10.6,120.9,103.6
,Gary Payton II,Was,G,27.25,26,15.8,32.9,13.6,14.1,8,0.5,69,0.493,43,0.302,0.478,0.48,4.3,2.8,9.7,1.7,14.3,1.23,0.27,0.73,6.9,103.7,105.5
,Elfrid Payton,Nyk,G,26.03,40,27.6,57.5,19.3,16.7,66,0.53,325,0.468,65,0.215,0.444,0.455,9.5,4.6,8.7,7.1,38.2,1.63,0.4,2.1,9.8,102.3,107.2
,Norvel Pelle,Phi,F,27.08,19,9.3,19.3,13.1,24.4,12,0.5,35,0.514,0,0,0.514,0.521,2.2,3.2,18.8,0.4,5.4,0.05,1.26,0.68,6.1,94.8,86.6
,Theo Pinson,Bro,G-F,24.33,30,11.7,24.3,22.8,16.8,16,0.938,74,0.405,78,0.192,0.345,0.377,4,1.7,7.5,1.8,22.6,0.53,0.07,1.07,7.9,81.8,101.4
,Mason Plumlee,Den,F-C,30,49,17.1,35.7,18.6,18.9,134,0.545,229,0.638,4,0,0.627,0.625,7.4,5.5,17.7,2.4,20.2,0.53,0.57,1.39,10.8,118,96.2
,Jakob Poeltl,San,C,24.38,58,16.6,34.7,13.3,14.9,74,0.486,218,0.619,0,0,0.619,0.611,5.3,5.3,17.3,1.8,14.6,0.52,1.47,0.76,8.9,125.2,104
,Vincent Poirier,Bos,C-F,26.35,21,5.4,11.3,15.8,14.3,7,0.857,31,0.484,2,0.5,0.5,0.54,1.9,1.6,16,0.3,8.6,0.1,0.29,0.29,7.2,110,87.7
,Shamorie Ponds,Tor,G,19.65,4,2.7,5.5,23.7,0,2,1,3,0.667,2,0.5,0.7,0.765,2.3,0.3,5,0.5,33.8,0,0.25,0,10.4,,
,Jordan Poole,Gol,G,20.71,54,22.4,46.7,20.9,10.9,113,0.814,225,0.378,254,0.28,0.4,0.449,8.8,2.1,5,2.4,15.7,0.59,0.17,1.2,6.3,91.5,111
,Kevin Porter Jr.,Cle,G-F,19.83,49,23.5,49,20.6,16.7,99,0.727,262,0.508,158,0.335,0.506,0.536,10.1,3.3,7.7,2.2,13.8,0.94,0.29,1.9,7.1,99.2,105.6
,Michael Porter Jr.,Den,F,21.68,45,14.2,29.5,22.2,10.4,43,0.767,176,0.545,98,0.429,0.58,0.599,7.8,4.3,17,0.8,8.3,0.4,0.42,0.76,8.4,114.9,98.8
,Otto Porter Jr.,Chi,F,26.75,10,24.3,50.6,19.6,6.3,22,0.727,50,0.46,45,0.422,0.542,0.568,11.9,3.2,7.2,1.7,10.8,0.9,0.4,0.7,6.6,115.9,106.1
,Bobby Portis,Nyk,F,25.06,61,20.9,43.5,21.2,10.8,85,0.765,355,0.49,176,0.352,0.503,0.527,9.8,5.1,13.1,1.5,11.1,0.49,0.25,1.13,8.1,105.7,107.1
,Kristaps Porzingis,Dal,F-C,24.59,47,30.8,64.1,26.6,8.5,216,0.773,399,0.479,330,0.358,0.505,0.548,19.2,9.3,15.9,1.6,8.2,0.7,1.98,1.64,8.6,109.5,100.5
,Dwight Powell,Dal,F-C,28.62,40,26.5,55.2,12.7,11.8,111,0.667,190,0.716,39,0.256,0.659,0.677,9.4,5.7,11.2,1.5,7.7,0.88,0.53,0.93,6.5,132.5,103.4
,Norman Powell,Tor,G,26.78,41,28.9,60.3,21.1,10.4,119,0.832,257,0.588,215,0.391,0.587,0.623,15.9,3.8,6.9,1.7,9.3,1.22,0.39,1.49,6.5,115.4,102.5
,Taurean Prince,Bro,F,25.95,60,29.1,60.6,20.2,14.2,78,0.769,280,0.432,408,0.35,0.488,0.506,12.2,5.9,10.5,1.9,9.6,0.9,0.4,2,7.1,94.9,101.8
,Julius Randle,Nyk,C-F,25.26,59,32.6,67.9,27.5,14.3,323,0.721,708,0.513,219,0.265,0.485,0.53,19.2,9.7,15.9,3.3,16.5,0.78,0.36,3.03,10.4,103.2,105.8
,Josh Reaves,Dal,G-F,22.75,2,0.8,1.6,28.5,0,0,0,1,0,0,0,0,0,0,0,0,0,0,0,0,0,0,,
,Cam Reddish,Atl,F-G,20.51,54,26.6,55.4,18.5,13.1,119,0.798,276,0.409,229,0.319,0.441,0.484,10,3.7,7.5,1.5,8.1,1.06,0.48,1.56,5.7,93.2,110.2
,JJ Redick,Nor,G,35.69,54,26.4,55,20,9.4,163,0.902,213,0.446,345,0.452,0.59,0.639,14.9,2.6,5.2,2,10.8,0.35,0.19,1.2,6.5,121.8,112.1
,Naz Reid,Min,C-F,20.52,26,15.1,31.6,23.8,6.6,37,0.703,113,0.469,84,0.333,0.482,0.506,8.3,3.9,13.4,1,10.2,0.54,0.69,0.58,8.4,105.2,96.4
,Josh Richardson,Phi,G,26.47,47,30.7,64,21.3,12.8,124,0.79,356,0.492,212,0.325,0.49,0.526,13.9,3.4,6.2,3.1,15.1,0.96,0.68,1.94,6.9,102.7,104.7
,Austin Rivers,Hou,G,27.59,56,23.3,48.6,15,6.7,82,0.695,188,0.516,220,0.345,0.517,0.539,8.6,2.4,5.3,1.6,9.3,0.7,0.18,0.57,5.5,112.5,107.3
,Glenn Robinson III,Gol,F,26.15,48,31.6,65.8,16.6,8.7,74,0.851,336,0.524,170,0.4,0.549,0.575,12.9,4.7,8,1.8,8.8,0.94,0.29,1.06,6,112.1,112.5
,Glenn Robinson III,Phi,F,26.15,9,17.1,35.6,17.3,4.9,4,1,42,0.643,15,0.2,0.553,0.57,7.4,2.2,7.1,0.8,7,0.89,0.11,0.33,5.5,117.2,106.3
,Duncan Robinson,Mia,F,25.87,61,29.5,61.5,15.5,7.7,50,0.9,69,0.609,493,0.438,0.651,0.665,12.7,3.2,6,1.4,6.9,0.51,0.21,0.8,5.2,121.4,104.4
,Jerome Robinson,Lac,G,23.03,42,11.3,23.6,14.9,15.3,19,0.579,69,0.391,67,0.284,0.408,0.423,2.9,1.4,6.5,1.1,12.6,0.31,0.19,0.62,5.8,87.1,99.8
,Jerome Robinson,Was,G,23.03,10,19.6,40.9,14.5,8.7,6,0.833,33,0.424,27,0.333,0.458,0.479,6,3.5,9.7,1.2,8,0.6,0.4,0.6,6,97.3,108.3
,Justin Robinson,Was,G,22.39,9,5.4,11.3,12.8,20,0,0,7,0.286,5,0.6,0.542,0.542,1.4,0.6,5.6,0.8,18.5,0,0.11,0.33,6.5,105.1,119
,Mitchell Robinson,Nyk,C-F,21.92,57,23,47.9,13.3,8.7,133,0.564,318,0.73,0,0,0.73,0.716,9.5,7.1,16.3,0.6,4.2,0.88,1.95,0.63,6,139.5,99.6
,Isaiah Roby,Okc,F,22.08,3,3.8,7.9,7.7,50,0,0,1,0,0,0,0,0,0,0.7,9.7,0,0,0,0,0.33,0,,
,Rajon Rondo,Lal,G,34.03,45,20.8,43.3,18.7,21,39,0.667,191,0.482,119,0.336,0.49,0.504,7.3,3,8,5,32.1,0.87,0.04,1.93,9.2,103.7,104.3
,Derrick Rose,Det,G,31.41,50,26,54.1,31.5,13.4,139,0.871,606,0.535,147,0.306,0.52,0.555,18.1,2.4,5.3,5.6,40.3,0.8,0.34,2.52,9.6,109.5,113.5
,Terrence Ross,Orl,G-F,29.07,59,27,56.3,22.9,6.6,151,0.848,298,0.473,422,0.339,0.494,0.533,14.2,3.3,6.5,1.2,6.9,1.1,0.32,0.95,5.7,104.5,106.9
,Terry Rozier,Cha,G,25.97,60,34.1,71.1,23.6,12.3,183,0.874,495,0.436,394,0.388,0.501,0.542,17.5,4.5,7.1,4.1,20.4,0.97,0.17,2.27,8,106.5,110.3
,Ricky Rubio,Pho,G,29.37,54,31.4,65.4,20.2,18.4,185,0.838,400,0.438,175,0.343,0.461,0.522,12.7,4.5,7.9,8.8,39.8,1.54,0.17,2.74,10.1,109.8,105.8
,D'Angelo Russell,Gol,G,24.03,33,32.1,66.9,32.1,12.6,144,0.785,314,0.487,321,0.374,0.524,0.558,23.6,3.7,6.2,6.2,36.1,0.91,0.27,3.06,10.2,106.3,112
,D'Angelo Russell,Min,G,24.03,8,33.5,69.8,29.9,15.4,34,0.882,73,0.493,77,0.377,0.53,0.573,23.6,4.4,6.8,7.8,39.4,1.38,0.38,3.75,11.1,110.3,110.2
,Domantas Sabonis,Ind,F-C,23.83,58,34.5,71.9,23.3,14.6,280,0.729,720,0.565,61,0.23,0.548,0.586,18.3,12.5,20,4.9,21.6,0.72,0.52,2.66,12,115.7,98.7
,JaKarr Sampson,Ind,F,26.96,22,12.7,26.5,12.3,7.7,10,0.4,56,0.679,12,0.167,0.603,0.594,3.9,2.1,9.1,0.2,2,0.36,0.41,0.27,3.7,113.2,98.3
,Dario Saric,Pho,F,25.9,55,24.3,50.7,17.2,12.9,84,0.845,234,0.564,200,0.32,0.525,0.559,9.6,5.8,13.3,1.9,11.4,0.55,0.24,1.27,7.8,109.4,104.6
,Tomas Satoransky,Chi,G,28.34,61,29,60.4,16.6,17.3,117,0.872,327,0.502,191,0.33,0.499,0.543,10.1,3.8,7.2,5.5,27.4,1.28,0.11,1.95,8.2,112.2,107.7
,Admiral Schofield,Was,G-F,22.93,26,11.2,23.4,12.3,8.1,13,0.692,28,0.571,46,0.304,0.5,0.521,3.2,1.3,6.3,0.5,6.2,0.31,0.12,0.27,4.6,105.9,106.5
,Dennis Schroder,Okc,G,26.47,60,31,64.5,27.1,13.6,211,0.844,591,0.516,303,0.38,0.534,0.574,18.9,3.8,6.7,4,21.2,0.67,0.22,2.58,8.5,107.3,106.1
,Mike Scott,Phi,F,31.63,60,17.4,36.2,13.7,6.6,27,0.889,101,0.495,196,0.357,0.522,0.541,5.6,3.4,10.8,0.6,5,0.33,0.08,0.37,5.2,111.6,104.8
,Thabo Sefolosha,Hou,F-G,35.84,40,10.7,22.3,10.4,13,8,0.375,36,0.611,54,0.278,0.494,0.492,2.3,2.3,11.3,0.6,7.6,0.6,0.3,0.35,5.5,105,101.2
,Collin Sexton,Cle,G,21.16,61,32.5,67.7,26.9,10.9,248,0.843,766,0.487,237,0.388,0.509,0.553,20.2,3.1,5.4,2.8,14.5,1,0.11,2.23,6.9,108.2,113.2
,Landry Shamet,Lac,G,22.98,44,28.2,58.8,13.2,8.6,58,0.897,78,0.513,256,0.402,0.582,0.613,10,2,3.6,1.8,8.7,0.41,0.18,0.77,4.7,120.3,103.7
,Marial Shayok,Phi,G-F,24.61,2,5.2,10.7,25.2,16.7,0,0,2,0,3,0.333,0.3,0.3,1.5,1.5,16,0.5,13,0,0,0.5,8,61.1,110.8
,Iman Shumpert,Bro,G,29.69,13,18.5,38.6,13.4,13,7,0.571,31,0.419,33,0.242,0.391,0.403,4.2,2.6,7.3,0.9,6.8,0.92,0.15,0.77,4.6,85,102.6
,Pascal Siakam,Tor,F,25.92,50,35.3,73.6,28.6,10.4,251,0.793,650,0.503,300,0.37,0.519,0.559,23.7,7.5,11.2,3.5,16.5,0.98,0.96,2.46,9.7,108.2,100.3
,Chris Silva,Mia,F,23.45,40,7.7,16,17.6,26.1,49,0.694,67,0.642,2,0,0.623,0.663,3,2.7,19.9,0.5,10.1,0.2,0.45,0.8,8.3,118.9,83.4
,Ben Simmons,Phi,F,23.62,54,35.8,74.5,20.9,20.5,284,0.627,612,0.587,6,0.333,0.586,0.607,16.7,7.9,12.1,8.2,34.9,2.15,0.59,3.56,11.5,115.7,100
,Anfernee Simons,Por,G,20.74,61,22.1,46,19.1,9.9,87,0.816,296,0.443,211,0.341,0.471,0.503,9,2.4,5.6,1.5,9.7,0.38,0.15,0.98,5.8,101.5,110.5
,Alen Smailagic,Gol,F,19.54,14,9.9,20.7,18.2,18.5,19,0.842,27,0.63,13,0.231,0.538,0.61,4.2,1.9,10.5,0.9,14.4,0.21,0.29,0.79,7.8,111.9,107.4
,Marcus Smart,Bos,G,26,49,32.2,67.1,18.7,11.5,108,0.815,228,0.417,335,0.352,0.483,0.518,12.9,3.8,6.3,5,21.6,1.67,0.53,1.61,7.8,110.4,102.4
,Dennis Smith Jr.,Nyk,G,22.27,34,15.8,32.9,23,19.8,53,0.509,157,0.357,54,0.296,0.379,0.399,5.5,2.3,7.7,2.9,26.4,0.82,0.24,1.71,8.4,83.9,103
,Ish Smith,Was,G,31.66,60,26.2,54.5,18.2,11.2,70,0.686,431,0.48,150,0.367,0.498,0.512,10.5,3.1,6.5,4.8,25.5,0.88,0.4,1.28,8.2,109,115.2
,Zhaire Smith,Phi,G,20.75,7,4.6,9.6,19.7,13.6,4,0.5,8,0.375,3,0,0.273,0.313,1.1,0.3,3.4,0.3,8.3,0.43,0,0.29,4,64.5,96.6
,Tony Snell,Det,G,28.31,55,27.6,57.6,11.3,6.8,28,1,118,0.534,239,0.41,0.588,0.607,8.1,1.8,3.8,2.1,10.5,0.49,0.24,0.49,4.5,122.9,112.2
,Omari Spellman,Gol,F,22.62,49,18.1,37.7,18.7,13.6,92,0.793,185,0.454,110,0.391,0.503,0.551,7.6,4.4,13.3,1,8.1,0.67,0.49,1.08,7.1,106.6,108.6
,Max Strus,Chi,G-F,23.93,2,3.1,6.5,23.7,0,1,1,2,1,1,0,0.667,0.727,2.5,0.5,8.9,0,0,0,0,0,0,,
,Edmond Sumner,Ind,G,24.17,21,13.3,27.8,16.5,13.4,13,0.615,57,0.491,28,0.286,0.471,0.485,4.2,1.3,5.5,1.3,13.5,0.62,0.29,0.67,5.8,97.6,101.6
,Caleb Swanigan,Sac,F,22.88,7,3.3,6.8,20.8,55.1,2,0.5,4,0.5,0,0,0.5,0.512,0.7,1,17.3,0.3,11.8,0.14,0.29,0.86,7.2,,
,Caleb Swanigan,Por,F,22.88,16,14.6,30.5,13.5,33.5,15,0.533,41,0.634,2,0,0.605,0.605,3.8,5.1,18,1.3,11.9,0.13,0.31,1.56,8,101.3,94.6
,Jayson Tatum,Bos,F-G,22,55,34.5,71.8,28.4,9.6,261,0.816,638,0.483,389,0.396,0.525,0.565,23.5,7.1,11.1,2.9,13.8,1.35,0.93,2.2,9.1,110.9,103.3
,Jeff Teague,Min,G,31.73,34,27.8,57.9,20.2,16.4,144,0.868,238,0.471,87,0.379,0.497,0.577,13.2,2.6,4.9,6.1,32.5,0.74,0.38,2.24,8.5,115.7,110.7
,Jeff Teague,Atl,G,31.73,21,20.9,43.5,18.3,19.1,44,0.886,113,0.407,24,0.292,0.412,0.486,7.2,2.2,5.6,4.1,27.5,0.86,0.24,1.76,7.7,100.1,112.7
,Garrett Temple,Bro,G-F,33.82,55,28.1,58.6,16.6,9.3,73,0.767,178,0.483,346,0.324,0.485,0.507,10.3,3.5,6.3,2.6,13.1,0.8,0.47,1.04,6.5,105,106.6
,Daniel Theis,Bos,F,27.91,54,23.6,49.2,14.8,10.2,97,0.763,277,0.628,77,0.299,0.589,0.619,9.1,6.6,15,1.6,9.7,0.61,1.31,0.83,7.8,127.6,94
,Isaiah Thomas,Was,G,31.07,40,23.1,48.2,24,14.2,76,0.816,237,0.405,189,0.413,0.5,0.531,12.2,1.7,4,3.7,22.9,0.33,0.15,1.9,7.4,102.8,114.3
,Khyri Thomas,Det,G,23.82,5,5.1,10.5,13.6,12.7,2,0.5,1,0,5,0.4,0.5,0.509,1.4,0,0,0.2,5.4,0.2,0,0.2,0,94.5,106.3
,Matt Thomas,Tor,G,25.58,30,9.9,20.7,16.1,8.9,8,0.75,30,0.5,69,0.493,0.667,0.673,4.6,1.4,7.6,0.6,8.4,0.23,0,0.33,6.3,123.8,101.2
,Tristan Thompson,Cle,C-F,28.98,55,30.5,63.5,18.3,14,155,0.632,527,0.52,21,0.429,0.525,0.546,12.2,10.2,18.6,2.1,10.3,0.58,0.87,1.82,8.4,111.6,109.9
,Matisse Thybulle,Phi,G-F,23,54,19.5,40.7,11.5,15.3,39,0.615,86,0.477,135,0.356,0.511,0.525,4.6,1.5,4.3,1.2,8.1,1.39,0.74,0.8,4.1,101.8,99.7
,Anthony Tolliver,Por,F,34.76,33,16.8,35,11.2,14.3,19,0.684,28,0.464,89,0.337,0.496,0.515,3.9,3.3,10.3,0.9,6.6,0.24,0.27,0.64,5.4,105.5,108.3
,Anthony Tolliver,Sac,F,34.76,9,9.1,18.9,11.7,18.3,2,0.5,2,0.5,15,0.133,0.235,0.252,1,1.2,7.6,0.3,4.6,0.44,0.11,0.44,3.1,56.9,106.9
,Juan Toscano-Anderson,Gol,F,26.9,10,22.2,46.2,13.5,22.8,5,0.6,33,0.515,19,0.421,0.558,0.563,6.1,4.1,10,2.1,13.9,1.2,0.5,1.6,6.7,96.2,102.5
,Karl-Anthony Towns,Min,C-F,24.3,35,33.9,70.7,28.8,13.2,226,0.796,345,0.586,277,0.412,0.6,0.642,26.5,10.8,16.7,4.4,22.9,0.94,1.2,3.14,12.7,120.3,103.8
,Gary Trent Jr.,Por,G-F,21.12,49,19.8,41.3,15.3,4.9,32,0.844,134,0.47,185,0.411,0.555,0.572,7.8,1.6,4.3,0.9,6.3,0.76,0.24,0.35,4.5,117.6,113.4
,Allonzo Trier,Nyk,G,24.13,23,12.1,25.3,21.9,16,43,0.791,52,0.596,50,0.36,0.569,0.62,6.5,1.3,5.5,1.1,13.8,0.13,0.17,1,7,112.3,108.5
,P.J. Tucker,Hou,F,34.83,60,34.6,72,8.7,14.4,44,0.841,114,0.57,242,0.376,0.566,0.586,7.3,6.9,10.3,1.6,5.9,1.12,0.52,1.05,5,117,103.6
,Rayjon Tucker,Uta,G,22.44,14,5.6,11.6,13.6,12.4,5,0.6,13,0.615,6,0,0.421,0.448,1.4,0.9,9.1,0.1,3.5,0.07,0,0.21,3.6,88.4,103.5
,Evan Turner,Atl,G-F,31.35,19,13.2,27.6,16.3,26.2,14,0.857,62,0.403,5,0,0.373,0.424,3.3,2,8.1,2,20.6,0.47,0.42,1.37,7.2,83.2,110.9
,Myles Turner,Ind,C-F,23.94,51,29.3,61,17.6,10.6,132,0.758,262,0.531,214,0.341,0.522,0.559,11.7,6.5,12.2,1.2,5.4,0.76,2.1,1.24,6.1,107.7,102.4
,Jonas Valanciunas,Mem,C,27.83,58,26,54.2,21.5,12.6,144,0.736,541,0.603,78,0.372,0.597,0.619,14.6,11,22.3,1.8,10.5,0.43,1.1,1.69,10.2,118.3,101
,Denzel Valentine,Chi,G,26.3,32,12.4,25.9,22.7,10.4,5,1,71,0.493,116,0.353,0.516,0.523,6.2,2,8.9,1.1,14.5,0.63,0.19,0.69,7.7,101.2,102.4
,Jarred Vanderbilt,Den,F,20.92,9,4.6,9.6,14.7,50,0,0,7,0.714,0,0,0.714,0.714,1.1,0.9,10.7,0.2,6.5,0.33,0.11,0.78,5.1,76.2,95.5
,Jarred Vanderbilt,Min,F,20.92,2,2.6,5.3,15.2,0,2,1,0,0,1,0,0,0.532,1,0.5,10.3,0,0,0,0,0,0,,
,Fred VanVleet,Tor,G,26.02,48,35.8,74.6,21.9,12.2,166,0.843,363,0.43,338,0.388,0.503,0.546,17.6,3.8,5.5,6.6,27.3,1.83,0.27,2.25,8.5,111.7,102.9
,Gabe Vincent,Mia,G,23.72,5,8.2,17.1,20.3,0,0,0,3,0,16,0.25,0.316,0.316,2.4,0.6,4.1,0.6,10.2,0.2,0,0,4.6,75.3,109.8
,Noah Vonleh,Min,F,24.53,29,12,25,13.8,15.5,28,0.821,72,0.625,14,0.143,0.558,0.605,4.1,4,17.5,0.9,10.8,0.38,0.21,0.62,8.2,119.8,103.2
,Noah Vonleh,Den,F,24.53,3,5.3,11,16,34,2,0.5,2,1,1,1,1.167,1.031,2.7,2,20.9,0.3,9.3,0,0,0.67,8.9,125.7,98.5
,Nikola Vucevic,Orl,C,29.36,50,32.4,67.5,26.1,7.4,132,0.773,606,0.518,240,0.329,0.511,0.535,19.3,10.8,17.7,3.6,19.8,0.88,0.9,1.44,11.2,111.3,102.2
,Dean Wade,Cle,F-C,23.28,11,5,10.4,12,19.4,1,0,8,0.75,4,0.5,0.75,0.723,1.6,1.5,17.1,0.1,2.6,0.18,0.27,0.27,5,115.1,101.3
,Moritz Wagner,Was,F-C,22.86,33,19.1,39.8,19.3,17.7,72,0.806,143,0.671,67,0.343,0.621,0.66,9.7,5.2,14.9,1.4,10.3,0.58,0.52,1.58,8.7,115.6,98
,Dion Waiters,Mia,G,28.23,3,14,29.2,30.7,10.2,1,0,9,0.222,17,0.471,0.538,0.53,9.3,3.7,14.6,1,12.3,0,0.67,1,9.3,93.5,98.6
,Lonnie Walker IV,San,G-F,21.22,52,14.4,30.1,18.4,10,54,0.722,194,0.443,69,0.42,0.492,0.52,5.7,2.2,8.3,0.8,8.2,0.52,0.25,0.62,6,101.6,107
,Kemba Walker,Bos,G,29.82,47,32,66.7,27.9,10.3,214,0.869,375,0.475,414,0.386,0.53,0.579,21.7,4.1,6.8,5,24.6,0.96,0.53,2.15,9.5,116.5,107.2
,Tyrone Wallace,Atl,G,25.73,14,11.5,23.9,15.9,16.3,17,0.647,29,0.448,15,0.067,0.33,0.389,2.9,1.6,7.4,0.9,10.8,0.5,0.07,0.71,5.6,79.6,106.4
,Derrick Walton Jr.,Lac,G,24.92,23,9.6,20.1,8.2,9.1,9,0.778,15,0.533,21,0.429,0.597,0.626,2.2,0.7,3.5,1,12.6,0.17,0,0.17,4.8,132.2,105.2
,Derrick Walton Jr.,Det,G,24.92,3,8.8,18.3,6.6,25,0,0,0,0,3,0.333,0.5,0.5,1,0.3,2.1,1.7,24.4,1,0,0.33,3.6,117.2,105.4
,Brad Wanamaker,Bos,G,30.61,59,19.1,39.9,15.8,16.1,108,0.926,217,0.442,85,0.388,0.482,0.559,6.6,2,5.6,2.6,18.3,0.8,0.19,1.14,6.8,111.9,101.4
,T.J. Warren,Ind,F,26.49,58,32.5,67.7,22.8,7.8,180,0.806,644,0.573,176,0.381,0.573,0.603,18.7,3.9,6.6,1.5,7.1,1.21,0.45,1.31,5.9,114.5,104.4
,P.J. Washington,Cha,F,21.53,54,30.4,63.3,18.2,13,124,0.645,336,0.503,204,0.377,0.527,0.546,12,5.5,9.8,2.1,11.3,0.93,0.8,1.65,6.8,103.6,105.5
,Yuta Watanabe,Mem,G-F,25.39,13,6.7,14,13.1,3.6,8,0.375,18,0.333,5,0.4,0.391,0.396,1.6,1,7.8,0.3,5.7,0.15,0.08,0.08,4.7,91.3,107
,Tremont Waters,Bos,G,22.15,9,8.1,16.9,22.6,20.7,6,1,13,0.615,15,0.133,0.393,0.457,3.1,0.8,5.1,1.1,19.1,0.56,0.22,0.89,6.9,86.3,95.3
,Paul Watson,Atl,G,25.18,2,8.8,18.2,16.6,0,0,0,4,0,3,0,0,0,0,1,6.1,1.5,20.5,0.5,0,0,0,27,112.3
,Paul Watson,Tor,G,25.18,3,2.8,5.8,9.6,0,2,0.5,0,0,1,0,0,0.266,0.3,0.7,12.6,0.7,28.3,0,0.33,0,7.5,,
,Quinndary Weatherspoon,San,G,23.48,1,3.6,7.5,12.1,0,0,0,1,0,0,0,0,0,0,0,0,0,0,0,0,0,0,,
,Russell Westbrook,Hou,G,31.31,50,36.1,75.2,34.3,14.7,324,0.781,942,0.518,194,0.253,0.494,0.538,27.5,8,11.5,7.1,35,1.66,0.34,4.4,12.9,106.9,101.9
,Coby White,Chi,G,20.04,61,25.1,52.2,24,11.4,116,0.784,368,0.416,343,0.359,0.475,0.503,12.6,3.6,7.8,2.5,15.5,0.77,0.1,1.61,7.7,99,108
,Derrick White,San,G,25.67,58,23.8,49.6,18,12.1,157,0.854,286,0.507,148,0.358,0.517,0.579,10.1,3.1,7.1,3.3,19.3,0.62,0.81,1.19,7.9,116.3,108.2
,Hassan Whiteside,Por,C,30.72,57,31,64.6,19.8,13,211,0.692,619,0.611,6,0.5,0.612,0.635,16,14.2,23.7,1.2,6.1,0.4,3.05,1.88,8.4,123,102.5
,Andrew Wiggins,Min,F,25.03,42,34.7,72.2,27.9,10.7,207,0.72,515,0.505,275,0.331,0.502,0.535,22.4,5.2,7.9,3.7,18.1,0.69,0.86,2.52,8.7,104.3,110.5
,Andrew Wiggins,Gol,F,25.03,9,33,68.7,26.5,11.4,49,0.714,100,0.52,42,0.333,0.514,0.553,20.1,4.3,7.1,3.8,20,1.67,1.56,2.33,8.4,106.5,110.8
,Robert Williams III,Bos,C-F,22.38,20,13.9,29,12.2,22.7,21,0.571,52,0.692,0,0,0.692,0.686,4.2,4.5,17.3,1.1,10.4,0.95,1.05,0.9,7.9,121.6,92.9
,Nigel Williams-Goss,Uta,G,25.46,9,3.1,6.4,15.6,20.2,2,1,5,0.2,2,0,0.143,0.254,0.4,0.6,9.9,0.6,22.6,0.11,0.11,0.22,6.8,,
,Grant Williams,Bos,F,21.26,58,15.7,32.6,11.6,18.3,51,0.725,102,0.539,77,0.26,0.475,0.514,3.6,2.7,9.1,1,8.4,0.41,0.53,0.78,5.4,104.5,95.7
,Johnathan Williams,Was,F,24.78,11,12.3,25.5,9.6,12.8,5,0.6,23,0.696,2,0,0.64,0.643,3.2,3.9,17.4,0.5,5.9,0.09,0.55,0.36,6,131.4,110.6
,Kenrich Williams,Nor,G-F,25.25,35,22.3,46.4,9.2,12,24,0.375,47,0.511,96,0.26,0.43,0.43,3.8,5.1,12.1,1.5,8.3,0.71,0.6,0.6,5.5,102.2,104.5
,Lou Williams,Lac,G,33.35,58,29.5,61.4,28.7,14.4,319,0.862,577,0.445,290,0.366,0.48,0.549,19.1,3.1,5.4,5.8,30.4,0.66,0.17,2.93,9.5,109.2,108.4
,Marvin Williams,Cha,F,33.71,41,19.7,41,13.9,9.7,50,0.86,93,0.538,117,0.376,0.552,0.593,6.7,2.7,7.4,1,7.8,0.61,0.56,0.61,5.3,115.1,106.6
,Marvin Williams,Mil,F,33.71,8,17.2,35.8,9,6.7,2,1,7,0.714,20,0.3,0.519,0.538,3.8,3.4,9.7,1.1,7.9,1.13,0.25,0.25,5.6,117.9,93.5
,Zion Williamson,Nor,F,19.66,16,29.1,60.7,31.1,12.2,137,0.642,238,0.597,12,0.417,0.598,0.624,24.2,6.9,12.4,2.2,13.3,0.94,0.38,2.69,9.8,115.8,109.8
,D.J. Wilson,Mil,F-C,24.04,30,8.6,18,17.4,12.8,9,0.667,42,0.571,49,0.245,0.462,0.474,3,2,11.2,0.7,10.6,0.07,0.17,0.47,7.5,95,96.7
,Justise Winslow,Mia,G-F,23.94,11,32,66.7,20.6,14.6,27,0.667,102,0.431,27,0.222,0.411,0.44,11.3,6.6,11.6,4,18.5,0.73,0.45,2.18,8.4,93.1,101
,Christian Wood,Det,F,24.43,58,20.3,42.2,22.5,11.5,227,0.753,316,0.62,121,0.372,0.603,0.65,12,6.1,17.1,0.9,7.1,0.5,0.9,1.21,8,122.4,105.5
,Delon Wright,Dal,G,27.85,60,21.5,44.7,14.9,13.1,84,0.786,248,0.508,105,0.352,0.514,0.55,7.2,3.9,9.5,3.4,21.3,1.07,0.32,0.98,8.5,119.6,106.4
,Justin Wright-Foreman,Uta,G,22.35,1,1.5,3.1,0,,0,0,0,0,0,0,,,0,0,0,0,0,0,0,0,0,,
,Thaddeus Young,Chi,F,31.7,60,24.8,51.8,19.6,14,64,0.594,355,0.496,206,0.364,0.514,0.522,10.3,4.9,10.8,1.8,11.1,1.37,0.33,1.6,7.3,100.4,104.7
,Trae Young,Atl,G,21.46,57,35.3,73.5,34.8,16.1,531,0.864,650,0.503,533,0.36,0.52,0.596,29.6,4.3,6.5,9.3,45.7,1.11,0.14,4.75,12,113.7,115
,Cody Zeller,Cha,C,27.41,54,23,48,20.9,11.5,159,0.667,383,0.572,72,0.236,0.537,0.567,11,7.1,16.7,1.5,11.1,0.67,0.44,1.26,8.5,113.6,102.5
,Ante Zizic,Cle,C,23.16,20,10.1,21.1,17.7,11.9,18,0.778,66,0.591,0,0,0.591,0.622,4.6,3.1,16.7,0.3,4.6,0.35,0.25,0.5,6.4,116.7,102.4
,Ivica Zubac,Lac,C,22.96,61,18.1,37.6,16.4,11.8,129,0.752,324,0.599,2,0,0.595,0.634,8,7.1,20.2,1.1,9,0.21,0.93,0.84,8.8,129.2,95.4
,Anthony Tolliver,Mem,F,34.76,1,18.9,39.4,13.2,16.7,0,0,0,0,5,0.8,1.2,1.2,12,3,8.3,0,0,0,0,1,0,154.9,105.6
,Jarrod Uthoff,Mem,F,26.79,1,3.1,6.5,0,,0,0,0,0,0,0,,,0,0,0,0,0,0,0,0,0,,
